name,slug,category,pillar,description,url,aliases,parent_slug
Automação de Marketing e Vendas,automacao-de-marketing-e-vendas,Automação de Marketing e Vendas,Business Performance,,https://produtos.totvs.com/produto/automacao-de-marketing-e-vendas/,Automação de Marketing e Vendas|automacao de marketing e vendas|RD Station,
Chat Commerce by Chatbot Maker,chat-commerce-by-chatbot-maker,Digital Commerce,Business Performance,,https://produtos.totvs.com/produto/digital-commerce/chat-commerce-by-chatbot-maker/,Chat Commerce by Chatbot Maker,digital-commerce
Digital Commerce,digital-commerce,Digital Commerce,Business Performance,Os produtos TOTVS estão em constante evolução para transpor desafios e acompanhar cada etapa da jornada digital da sua empresa.,https://produtos.totvs.com/produto/digital-commerce/,Digital Commerce,
Plataforma de Marketplace by Omnik,plataforma-de-marketplace-by-omnik,Digital Commerce,Business Performance,,https://produtos.totvs.com/produto/digital-commerce/plataforma-de-marketplace-by-omnik/,Plataforma de Marketplace by Omnik,digital-commerce
Shopify,shopify,Digital Commerce,Business Performance,,https://produtos.totvs.com/produto/digital-commerce/shopify/,Shopify,digital-commerce
TOTVS Integrador de Marketplaces,integrador-marketplaces,Digital Commerce,Business Performance,Conte com um hub centralizado para gestão operacional de plataformas de marketplace.,https://produtos.totvs.com/produto/digital-commerce/integrador-marketplaces/,TOTVS Integrador de Marketplaces|Integrador de Marketplaces|integrador marketplaces,digital-commerce
Agro,agro,Agro,Gestão,Os produtos TOTVS estão em constante evolução para transpor desafios e acompanhar cada etapa da jornada digital da sua empresa.,https://produtos.totvs.com/produto/agro/,Agro,
TOTVS Agro Beneficiamento,beneficiamento,Agro,Gestão,"Conte com uma solução de beneficiamento voltada para o cultivo do algodão, com um conjunto completo de ferramentas para acompanhar todo o processo: desde a chegada dos fardões até o emblocamento físico do produto.",https://produtos.totvs.com/produto/agro/beneficiamento/,TOTVS Agro Beneficiamento|Agro Beneficiamento|beneficiamento,agro
TOTVS Agro Beneficiamento - Linha Protheus,beneficiamento-linha-protheus,Agro,Gestão,"O TOTVS Agro Beneficiamento - Linha Protheus é um sistema digital capaz de traçar todo o caminho de seus produtos, desde a chegada da matéria-prima até o final da linha da produção. A solução tem um conjunto completo de ferramentas para realizar beneficiamento de algodão e sementes.",https://produtos.totvs.com/produto/agro/beneficiamento-linha-protheus/,TOTVS Agro Beneficiamento - Linha Protheus|Agro Beneficiamento - Linha Protheus|Agro Beneficiamento|beneficiamento linha protheus,agro
TOTVS Agro Bioenergia,totvs-agro-bioenergia,Agro,Gestão,"O TOTVS Agro Bioenergia é uma solução de gestão agroindustrial completa, com ferramentas que atendem de ponta a ponta a cadeia produtiva da indústria de produção de bioenergia, capaz de gerenciar todas as etapas do processo, da escolha da área de plantio até a fatura do produto final, passando pelo uso de insumos, colheita e processamento.",https://produtos.totvs.com/produto/agro/totvs-agro-bioenergia/,TOTVS Agro Bioenergia|Agro Bioenergia,agro
TOTVS Agro Comercialização - Linha Datasul,comercializacao-linha-datasul,Agro,Gestão,"O TOTVS Agro Comercialização – Linha Datasul é o módulo do ERP Datasul especializado para comercialização de commodities agrícolas. É um sistema robusto, com flexibilidade de customização e capacidade de atender peculiaridades do processo comercial. Com ele, você controla todo o processo de negociação e gestão de preços e contratos.",https://produtos.totvs.com/produto/agro/comercializacao-linha-datasul/,TOTVS Agro Comercialização - Linha Datasul|Agro Comercialização - Linha Datasul|Agro Comercialização|comercializacao linha datasul,agro
TOTVS Agro Comercialização - Linha Protheus,comercializacao-linha-protheus,Agro,Gestão,"O TOTVS Agro Comercialização – Linha Protheus foi desenvolvido para o gerenciamento de processos de comercialização de commodities agrícolas. É um sistema ágil, flexível, customizável e que atende as peculiaridades dos diversos segmentos da agricultura.",https://produtos.totvs.com/produto/agro/comercializacao-linha-protheus/,TOTVS Agro Comercialização - Linha Protheus|Agro Comercialização - Linha Protheus|Agro Comercialização|comercializacao linha protheus,agro
TOTVS Agro Comercialização de Commodities,comercializacao-commodities,Agro,Gestão,Gerencie com eficiência a compra e venda de commodities agrícolas e reduza os riscos físicos e financeiros na movimentação dos produtos com um ERP completo.,https://produtos.totvs.com/produto/agro/comercializacao-commodities/,TOTVS Agro Comercialização de Commodities|Agro Comercialização de Commodities|comercializacao commodities,agro
TOTVS Agro Conecta Dados,conecta-dados,Agro,Gestão,"O TOTVS Agro Conecta Dados é uma plataforma independente, desenvolvida para integrar automaticamente os dados coletados a partir da operação de máquinas, equipamentos e veículos agrícolas aos sistemas TOTVS Agro Multicultivo e TOTVS Agro Bioenergia, impulsionando, dessa forma, a produtividade e eficiência nas lavouras.",https://produtos.totvs.com/produto/agro/conecta-dados/,TOTVS Agro Conecta Dados|Agro Conecta Dados|conecta dados,agro
TOTVS Agro Distribuidor – Linha Protheus,totvs-agro-distribuidor-linha-protheus,Agro,Gestão,Roadmap – TOTVS Agro Distribuidor – Linha Protheus,https://produtos.totvs.com/produto/agro/totvs-agro-distribuidor-linha-protheus/,TOTVS Agro Distribuidor – Linha Protheus|Agro Distribuidor – Linha Protheus|totvs agro distribuidor linha protheus,agro
TOTVS Agro Fitossanitário,fitossanitario,Agro,Gestão,"O TOTVS Agro Fitossanitário é um sistema que permite realizar Inspeções Fitossanitárias de modo fácil e intuitivo, com um Catálogo de Pragas totalmente atualizado.",https://produtos.totvs.com/produto/agro/fitossanitario/,TOTVS Agro Fitossanitário|Agro Fitossanitário|fitossanitario,agro
TOTVS Agro Multicultivo,multicultivo,Agro,Gestão,"O TOTVS Agro Multicultivo é uma solução de gestão agrícola completa para a cadeia produtiva do agronegócio, com flexibilidade para atender os mais diversos tipos de cultivo. Trata-se de um produto robusto e versátil, capaz de gerenciar todas as etapas do processo, da escolha da área de plantio até a colheita, passando pelo uso de insumos, máquinas, pessoas, recursos, etc.",https://produtos.totvs.com/produto/agro/multicultivo/,TOTVS Agro Multicultivo|Agro Multicultivo|multicultivo,agro
TOTVS Agro Portal Agrícola,portal-agricola,Agro,Gestão,O TOTVS Agro Portal Agrícola foi desenvolvido para estreitar a relação da sua empresa com clientes e fornecedores na cadeia produtiva do agronegócio. Com ferramentas para construção de relatórios de forma customizada e com uma excelente experiência de uso.,https://produtos.totvs.com/produto/agro/portal-agricola/,TOTVS Agro Portal Agrícola|Agro Portal Agrícola|portal agricola,agro
TOTVS OTIMIZAÇÃO LOGÍSTICA,totvs-otimizacao-logistica-agro,Agro,Gestão,,https://produtos.totvs.com/produto/agro/totvs-otimizacao-logistica-agro/,TOTVS OTIMIZAÇÃO LOGÍSTICA|OTIMIZAÇÃO LOGÍSTICA|totvs otimizacao logistica agro,agro
TOTVS ROTEIRIZAÇÃO E ENTREGAS,totvs-roterizacao-e-entregas-agro,Agro,Gestão,,https://produtos.totvs.com/produto/agro/totvs-roterizacao-e-entregas-agro/,TOTVS ROTEIRIZAÇÃO E ENTREGAS|ROTEIRIZAÇÃO E ENTREGAS|totvs roterizacao e entregas agro,agro
Gestão de Códigos Fonte by IT UP Business,gestao-de-codigos-fonte-by-it-up-business,Aplicações SAAS,Gestão,"Automatize o controle de histórico, versionamento, comparações de versões e backup das customizações em banco de dados, controle de reserva de fontes, entre outras funções dos ERPs TOTVS das linhas Protheus, Datasul, Logix e RM.",https://produtos.totvs.com/produto/servicos/aplicacoes-saas/gestao-de-codigos-fonte-by-it-up-business/,Gestão de Códigos Fonte by IT UP Business|gestao de codigos fonte by it up business,aplicacoes-saas
Gestão de Códigos Fonte TOTVS Fluig by iv2,gestao-de-codigos-fonte-totvs-fluig-by-iv2,Aplicações SAAS,Gestão,"Conte com o Gestão de Códigos Fonte TOTVS Fluig by iv2 para gestão automática dos objetos customizados no TOTVS Fluig Plataforma. Com ele, você tem um sistema 100% digital para guardar as fontes com total segurança, e manter seu ambiente Fluig sempre atualizado e seguro.",https://produtos.totvs.com/produto/servicos/aplicacoes-saas/gestao-de-codigos-fonte-totvs-fluig-by-iv2/,Gestão de Códigos Fonte TOTVS Fluig by iv2|gestao de codigos fonte totvs fluig by iv2,aplicacoes-saas
Legal Data,legal-data,Aplicações SAAS,Gestão,"Tenha uma ferramenta para receber notas de expediente de publicações oficiais e andamentos internos de processos de tribunais estaduais e federais, diretamente no seu sistema de gestão jurídica.",https://produtos.totvs.com/produto/servicos/aplicacoes-saas/legal-data/,Legal Data,aplicacoes-saas
Monitoramento de Ambientes by Groundwork,monitoramento-de-ambientes-by-groundwork,Aplicações SAAS,Gestão,"Conte com o Monitoramento de Ambientes by Groundwork para acompanhar de forma automática o funcionamento da sua infraestrutura de tecnologia, seja em servidores locais ou em nuvens de terceiros.",https://produtos.totvs.com/produto/servicos/aplicacoes-saas/monitoramento-de-ambientes-by-groundwork/,Monitoramento de Ambientes by Groundwork,aplicacoes-saas
Assessment by BLAST!,assessment-by-blast,Assessment by BLAST!,Gestão,"Conte com uma ferramenta de assessment para medir, por meio de uma experiência de autoconhecimento, a dominância do colaborador em relação a 84 habilidades socioemocionais.",https://produtos.totvs.com/produto/assessment-by-blast/,Assessment by BLAST!|assessment by blast,
Assistente Digital DMS by Simova,assistente-digital-dms-by-simova,Assistente Digital DMS by Simova,Gestão,,https://produtos.totvs.com/produto/assistente-digital-dms-by-simova/,Assistente Digital DMS by Simova,
Assistente de Processos by Handy,assistente-de-processos-by-handy,Assistente de Processos by Handy,Gestão,Conte com o Assistente de Processos by Handy para realizar movimentações de processos do TOTVS Fluig Plataforma e do TOTVS Fluig No-Code por meio do Whatsapp.,https://produtos.totvs.com/produto/assistente-de-processos-by-handy/,Assistente de Processos by Handy,
Atendimento Digital by CM Tecnologia,atendimento-digital-by-cm-tecnologia,Atendimento Digital by CM Tecnologia,Gestão,Ofereça para seus pacientes uma interface amigável e intuitiva para o autoatendimento. Sistema que atende qualquer tipo de instituição de saúde.,https://produtos.totvs.com/produto/atendimento-digital-by-cm-tecnologia/,Atendimento Digital by CM Tecnologia,
Auditor Fiscal by Neogrid,auditor-fiscal-by-neogrid,Auditor Fiscal by Neogrid,Gestão,,https://produtos.totvs.com/produto/auditor-fiscal-by-neogrid/,Auditor Fiscal by Neogrid,
Autopagamento by Videosoft,autopagamento-by-videosoft,Autopagamento by Videosoft,Gestão,"O Autopagamento by Videosoft é um sistema para recebimento de pagamentos voltado para o segmento de Food Service, que dá mais autonomia para os clientes e permite aos estabelecimentos dar mais velocidade no atendimento, reduzir filas e evitar quebras de caixa.",https://produtos.totvs.com/produto/autopagamento-by-videosoft/,Autopagamento by Videosoft,
BI by TARGIT,bi-by-targit,BI by TARGIT,Gestão,"O BI by TARGIT é um sistema de Business Intelligence desenhado especialmente para empresas de Atacado, Distribuição e Varejo, com mais de 100 indicadores de negócios prontos para uso.",https://produtos.totvs.com/produto/bi-by-targit/,BI by TARGIT,
Balanceamento de Estoque by Neogrid,balanceamento-de-estoque-by-neogrid,Balanceamento de Estoque by Neogrid,Gestão,Conte com o Balanceamento de Estoque by Neogrid para fazer a gestão completa do estoque da sua empresa.,https://produtos.totvs.com/produto/balanceamento-de-estoque-by-neogrid/,Balanceamento de Estoque by Neogrid,
Carbono IA by Deep,carbono-ia-by-deep,Carbono IA by Deep,Gestão,,https://produtos.totvs.com/produto/carbono-ia-by-deep/,Carbono IA by Deep,
Colaboração by Neogrid,colaboracao-by-neogrid,Colaboração by Neogrid,Gestão,Conte com o sistema Colaboração by Neogrid para organizar a gestão dos documentos tributários da sua empresa.,https://produtos.totvs.com/produto/colaboracao-by-neogrid/,Colaboração by Neogrid|colaboracao by neogrid,
Conciliação de Cartões by Evencard,conciliacao-de-cartoes-by-evencard,Conciliação de Cartões by Evencard,Gestão,"O Conciliação de Cartões by Evencard é um sistema desenhado especialmente para a automação da conciliação de transações com cartões de débito e crédito, PIX e carteiras digitais – incluindo transações realizadas em operações com aplicativos de delivery e compras com cartão alimentação e refeição.",https://produtos.totvs.com/produto/conciliacao-de-cartoes-by-evencard/,Conciliação de Cartões by Evencard|conciliacao de cartoes by evencard,
Base de Dados Construção by OrceCerto,base-de-dados-construcao-by-orcecerto,Construção,Gestão,A Base de Dados Construção by OrceCerto é a base de preços de insumos e composições de serviço mais completa para todos os segmentos da indústria de construção.,https://produtos.totvs.com/produto/construcao/base-de-dados-construcao-by-orcecerto/,Base de Dados Construção by OrceCerto|base de dados construcao by orcecerto,construcao
Construção,construcao,Construção,Gestão,Os produtos TOTVS estão em constante evolução para transpor desafios e acompanhar cada etapa da jornada digital da sua empresa.,https://produtos.totvs.com/produto/construcao/,Construção|construcao,
Indicações Imobiliárias by OQDigital,indicacoes-imobiliarias-by-oqdigital,Construção,Gestão,,https://produtos.totvs.com/produto/construcao/indicacoes-imobiliarias-by-oqdigital/,Indicações Imobiliárias by OQDigital|indicacoes imobiliarias by oqdigital,construcao
TOTVS Construção Gestão de Imóveis,gestao-de-imoveis,Construção,Gestão,"O TOTVS Construção Gestão de Imóveis é um pacote completo de soluções de gestão imobiliária. Nele, você pode acompanhar e gerenciar a carteira de imóveis para aluguel ou a manutenção de ativos imobiliários em todas as fases do negócio, desde a compra do terreno à montagem do estande de vendas.",https://produtos.totvs.com/produto/construcao/gestao-de-imoveis/,TOTVS Construção Gestão de Imóveis|Construção Gestão de Imóveis|gestao de imoveis,construcao
TOTVS Construção Gestão de Shopping Center,totvs-construcao-gestao-de-shopping-center,Construção,Gestão,,https://produtos.totvs.com/produto/construcao/totvs-construcao-gestao-de-shopping-center/,TOTVS Construção Gestão de Shopping Center|Construção Gestão de Shopping Center|totvs construcao gestao de shopping center,construcao
TOTVS Construção Obras e Projetos,obras-e-projetos,Construção,Gestão,"O TOTVS Construção Obras e Projetos é um sistema robusto para empresas de Construção e Projetos. Com ele, é possível realizar tarefas essenciais no gerenciamento de obras em todas as fases de projeto, mobilização, execução, entrega e manutenção.",https://produtos.totvs.com/produto/construcao/obras-e-projetos/,TOTVS Construção Obras e Projetos|Construção Obras e Projetos|obras e projetos,construcao
TOTVS Construção Portal de Imóveis,totvs-construcao-portal-de-imoveis,Construção,Gestão,"O TOTVS Construção Portal de Imóveis é uma plataforma com acesso web, para a gestão comercial da sua carteira imobiliária, com recursos que cobrem toda a jornada de vendas e aluguel.",https://produtos.totvs.com/produto/construcao/totvs-construcao-portal-de-imoveis/,TOTVS Construção Portal de Imóveis|Construção Portal de Imóveis|totvs construcao portal de imoveis,construcao
Gestão LGPD by EMX,gestao-lgpd-by-emx,Consultoria de Compliance,Gestão,Conte com uma ferramenta para direcionar e gerenciar o cumprimento da legislação de proteção de dados pessoais (LGPD) e mantenha sua empresa em compliance.,https://produtos.totvs.com/produto/totvs-consulting/consultoria-de-compliance/gestao-lgpd-by-emx/,Gestão LGPD by EMX|gestao lgpd by emx,consultoria-de-compliance
Contabilidade Digital by Confiágil,contabilidade-digital-by-confiagil,Contabilidade Digital by Confiágil,Gestão,Conte com uma plataforma digital de comunicação e com uma equipe especializada de profissionais contábeis. A Confiabilidade Digital by Confiágil proporciona um serviço contábil altamente confiável.,https://produtos.totvs.com/produto/contabilidade-digital-by-confiagil/,Contabilidade Digital by Confiágil|contabilidade digital by confiagil,
Conversas by Worknow,conversas-by-worknow,Conversas by Worknow,Gestão,,https://produtos.totvs.com/produto/conversas-by-worknow/,Conversas by Worknow,
Alerta Compliance,alerta-compliance,Dimensa,Gestão,"O Alerta Compliance é uma plataforma que automatiza o acompanhamento das novas regulações do setor financeiro, facilitando o trabalho de compliance da sua empresa e reduzindo o risco de não-conformidade em suas operações.",https://produtos.totvs.com/produto/dimensa/alerta-compliance/,Alerta Compliance,dimensa
Background Check,background-check,Dimensa,Gestão,"O Background Check é um sistema de verificação de histórico e background de clientes, fornecedores, funcionários e prestadores de serviços que ajuda as instituições financeiras e demais empresas a manter o compliance legal junto a órgãos regulatórios.",https://produtos.totvs.com/produto/dimensa/background-check/,Background Check,dimensa
Banco Digital,banco-digital,Dimensa,Gestão,"O Banco Digital é uma plataforma de tecnologia completa para serviços financeiros que permite construir uma operação bancária ou financeira personalizada, a partir do zero. Além disso, a plataforma é integrada com o Internet Banking, formando a solução completa de Banco Digital da Dimensa.",https://produtos.totvs.com/produto/dimensa/banco-digital/,Banco Digital,dimensa
Cartões,cartoes,Dimensa,Gestão,"Conte com o Cartões para administrar todas as etapas da gestão de Cartão Private Label, com a marca do seu negócio e tecnologia da Dimensa.",https://produtos.totvs.com/produto/dimensa/cartoes/,Cartões|cartoes,dimensa
Core Banking,core-banking,Dimensa,Gestão,"O Core Banking é uma solução tecnológica para atender as demandas de ponta a ponta. O sistema é escalável, e permite atender instituições financeiras de qualquer porte.",https://produtos.totvs.com/produto/dimensa/core-banking/,Core Banking,dimensa
Crédito Inteligente,credito-inteligente,Dimensa,Gestão,O Crédito Inteligente é um sistema que usa tecnologia de Big Data e Inteligência Artificial para automatizar a captura e a análise de dados para reduzir o risco e dar mais segurança às operações de crédito da sua empresa.,https://produtos.totvs.com/produto/dimensa/credito-inteligente/,Crédito Inteligente|credito inteligente,dimensa
Dimensa,dimensa,Dimensa,Gestão,,https://produtos.totvs.com/produto/dimensa/,Dimensa,
Gestão de Documentos para Crédito,gestao-de-documentos-para-credito,Dimensa,Gestão,O Gestão de Documentos para Crédito é um sistema que organiza a gestão dos arquivos digitais de documentação que envolve o processo de concessão de crédito.,https://produtos.totvs.com/produto/dimensa/gestao-de-documentos-para-credito/,Gestão de Documentos para Crédito|gestao de documentos para credito,dimensa
Internet Banking,internet-banking,Dimensa,Gestão,"O Internet Banking é uma plataforma completa de serviços bancários pela internet. Com ela, você pode construir do zero uma operação bancária ou financeira personalizada.",https://produtos.totvs.com/produto/dimensa/internet-banking/,Internet Banking,dimensa
Investimentos Ativo,investimentos-ativo,Dimensa,Gestão,Conte com uma plataforma completa de gestão de ativos financeiros que cobre praticamente todo o portfólio oferecido por instituições financeiras no mercado brasileiro.,https://produtos.totvs.com/produto/dimensa/investimentos-ativo/,Investimentos Ativo,dimensa
Investimentos Passivo,investimentos-passivo,Dimensa,Gestão,Conte com o Investimentos Passivo para garantir o gerenciamento de passivos financeiros em operações de investimento de instituições financeiras.,https://produtos.totvs.com/produto/dimensa/investimentos-passivo/,Investimentos Passivo,dimensa
Onboarding Digital,onboarding-digital,Dimensa,Gestão,"O Onboarding Digital é uma plataforma para verificação de identidade e validação de cadastro de clientes, funcionários, fornecedores e prestadores de serviços. Com ele, você previne fraudes e ganha mais segurança em suas operações.",https://produtos.totvs.com/produto/dimensa/onboarding-digital/,Onboarding Digital,dimensa
Workflow para Crédito,workflow-para-credito,Dimensa,Gestão,"O Workflow para Crédito é um sistema de automação de fluxo para processos de concessão de crédito. Com ele, cada etapa do processo é disparada automaticamente e o sistema centraliza a gestão e a comunicação, proporcionando mais segurança e eficiência do início ao fim do fluxo.",https://produtos.totvs.com/produto/dimensa/workflow-para-credito/,Workflow para Crédito|workflow para credito,dimensa
Automação de Vendas by N3urons,automacao-de-vendas-by-n3urons,Distribuição,Gestão,,https://produtos.totvs.com/produto/distribuicao/automacao-de-vendas-by-n3urons/,Automação de Vendas by N3urons|automacao de vendas by n3urons,distribuicao
Cobrança Digital by Pague Bem Brasil,cobranca-digital-by-pague-bem-brasil,Distribuição,Gestão,,https://produtos.totvs.com/produto/distribuicao/cobranca-digital-by-pague-bem-brasil/,Cobrança Digital by Pague Bem Brasil|cobranca digital by pague bem brasil,distribuicao
Distribuição,distribuicao,Distribuição,Gestão,Os produtos TOTVS estão em constante evolução para transpor desafios e acompanhar cada etapa da jornada digital da sua empresa.,https://produtos.totvs.com/produto/distribuicao/,Distribuição|distribuicao,
Inteligência de Vendas by N3urons,inteligencia-de-vendas-by-n3urons,Distribuição,Gestão,,https://produtos.totvs.com/produto/distribuicao/inteligencia-de-vendas-by-n3urons/,Inteligência de Vendas by N3urons|inteligencia de vendas by n3urons,distribuicao
Plataforma B2B by Isthmus,plataforma-b2b-by-isthmus,Distribuição,Gestão,,https://produtos.totvs.com/produto/distribuicao/plataforma-b2b-by-isthmus/,Plataforma B2B by Isthmus,distribuicao
TOTVS Distribuição e Varejo - Linha Winthor,totvs-distribuicao-varejo-linha-winthor,Distribuição,Gestão,"O TOTVS Distribuição e Varejo - Linha Winthor, sistema de ERP líder no segmento Atacadista Distribuidor, é uma ferramenta poderosa e integrada de gestão. Com ele, você agiliza as operações e processos em todas as etapas do seu negócio, desde a compra, recebimento e armazenagem de mercadorias, até a venda, separação e expedição de produtos, além de controlar todo o backoffice financeiro, contábil e fiscal da sua empresa.",https://produtos.totvs.com/produto/distribuicao/totvs-distribuicao-varejo-linha-winthor/,TOTVS Distribuição e Varejo - Linha Winthor|Distribuição e Varejo - Linha Winthor|Distribuição e Varejo|Linha Winthor|totvs distribuicao varejo linha winthor,distribuicao
TOTVS ROTEIRIZAÇÃO E ENTREGAS,totvs-roterizacao-e-entregas-distribuicao,Distribuição,Gestão,,https://produtos.totvs.com/produto/distribuicao/totvs-roterizacao-e-entregas-distribuicao/,TOTVS ROTEIRIZAÇÃO E ENTREGAS|ROTEIRIZAÇÃO E ENTREGAS|totvs roterizacao e entregas distribuicao,distribuicao
TOTVS WMS - Linha Winthor,totvs-wms-linha-winthor,Distribuição,Gestão,"O TOTVS WMS – Linha Winthor é um sistema de gestão de armazenagem vocacionado para atender o setor de Distribuição, com alta velocidade operacional, rastreabilidade e controle preciso dos estoques, que permite otimizar recursos e administrar de forma mais efetiva seus processos de armazenagem.",https://produtos.totvs.com/produto/distribuicao/totvs-wms-linha-winthor/,TOTVS WMS - Linha Winthor|WMS - Linha Winthor|WMS|Linha Winthor|totvs wms linha winthor,distribuicao
TOTVS WMS – LINHA DATASUL,totvs-wms-linha-datasul-distribuicao,Distribuição,Gestão,,https://produtos.totvs.com/produto/distribuicao/totvs-wms-linha-datasul-distribuicao/,TOTVS WMS – LINHA DATASUL|WMS – LINHA DATASUL|totvs wms linha datasul distribuicao,distribuicao
TOTVS WMS – LINHA PROTHEUS,totvs-wms-linha-protheus-distribuicao,Distribuição,Gestão,,https://produtos.totvs.com/produto/distribuicao/totvs-wms-linha-protheus-distribuicao/,TOTVS WMS – LINHA PROTHEUS|WMS – LINHA PROTHEUS|totvs wms linha protheus distribuicao,distribuicao
E-procurement by Mercado Eletrônico,e-procurement-by-mercado-eletronico,E-procurement by Mercado Eletrônico,Gestão,,https://produtos.totvs.com/produto/e-procurement-by-mercado-eletronico/,E-procurement by Mercado Eletrônico|e procurement by mercado eletronico,
EDI by Neogrid,edi-by-neogrid,EDI by Neogrid,Gestão,Conte com um sistema de Electronic Data Interchange e integre os dados da sua empresa com os sistemas usados por seus parceiros.,https://produtos.totvs.com/produto/edi-by-neogrid/,EDI by Neogrid,
Easy Quality by iv2,easy-quality-by-iv2,Easy Quality by iv2,Gestão,O Easy Quality by iv2 é totalmente integrado ao TOTVS Fluig Plataforma e proporciona gestão de controle de qualidade.,https://produtos.totvs.com/produto/easy-quality-by-iv2/,Easy Quality by iv2,
Edutainment by BLAST!,edutainment-by-blast,Edutainment by BLAST!,Gestão,"O Edutainment by BLAST! é um web app voltado para o desenvolvimento humano e a criação de engajamento. O sistema possibilita que colaboradores da sua empresa desenvolvam habilidades socioemocionais através de atividades que incluem streaming de vídeos, trilhas de conhecimento personalizadas, pílulas de conhecimento, podcasts e lives.",https://produtos.totvs.com/produto/edutainment-by-blast/,Edutainment by BLAST!|edutainment by blast,
Eleve,eleve,Eleve,Gestão,"Eleve Gestão é o ERP para pequenas empresas ideal para gerenciar o controle financeiro de ponta a ponta. O sistema garante muito mais agilidade nos negócios, roda 100% na nuvem e pode ser acessado na palma da mão a qualquer momento. Desenvolvido com foco em prestadores de serviços, startups e revendedores de produtos em geral , o sistema oferece recursos de controle de estoque e compras à emissão de notas e fluxo de caixa.",https://produtos.totvs.com/produto/eleve/,Eleve,
Eleve Gestão,eleve-gestao,Eleve,Gestão,"O Eleve Gestão é o melhor assistente para administração de finanças de micro e pequenas empresas, MEIs e Startups. Emita boletos, acompanhe seu caixa em tempo real, controle diariamente as contas a pagar e a receber e mantenha o controle financeiro do seu negócio em dia.",https://produtos.totvs.com/produto/eleve/eleve-gestao/,Eleve Gestão|eleve gestao,eleve
Eleve Saúde - Linha Personal Med,eleve-saude-linha-personal-med,Eleve,Gestão,"O Eleve Saúde - Linha Personal Med é uma solução especialista desenvolvida para atender o segmento de consultórios médicos e clínicas de pequeno porte. Um sistema de gestão leve, ágil, que você contrata por assinatura, e que é 100% web, isso quer dizer que você pode acessar as informações de seus pacientes e a agenda da clínica a qualquer hora e lugar.",https://produtos.totvs.com/produto/eleve/eleve-saude-linha-personal-med/,Eleve Saúde - Linha Personal Med|Eleve Saúde|Linha Personal Med|eleve saude linha personal med,eleve
Eleve Vendas,eleve-vendas,Eleve,Gestão,"O Eleve Vendas é um sistema de frente de caixa que possui Inteligência Artificial e ferramentas de gestão desenvolvidas para impulsionar o crescimento de seus negócios, e que ainda mantem sua empresa em conformidade com todas as exigências legais relacionadas à emissão de notas fiscais eletrônicas.",https://produtos.totvs.com/produto/eleve/eleve-vendas/,Eleve Vendas,eleve
Emissor CIOT by NDD,emissor-ciot-by-ndd,Emissor CIOT by NDD,Gestão,Facilite a geração do Código de Identificação da Operação de Transporte (CIOT) junto à ANTT.,https://produtos.totvs.com/produto/emissor-ciot-by-ndd/,Emissor CIOT by NDD,
Autopagamento by Gototem,autopagamento-by-gototem,Food Service,Gestão,,https://produtos.totvs.com/produto/totvs-food-service/autopagamento-by-gototem/,Autopagamento by Gototem,totvs-food-service
Conector Marketplaces by Hyperlocal,conector-marketplaces-hyperlocal,Food Service,Gestão,,https://produtos.totvs.com/produto/totvs-food-service/conector-marketplaces-hyperlocal/,Conector Marketplaces by Hyperlocal|conector marketplaces hyperlocal,totvs-food-service
Food Service,totvs-food-service,Food Service,Gestão,"O TOTVS Food Service é um sistema de gestão completo para o varejo de food service, que proporciona mais eficiência operacional, mais produtividade e mais equilíbrio financeiro para o seu negócio.",https://produtos.totvs.com/produto/totvs-food-service/,Food Service|totvs food service,
Frotas by Sofit,frotas-by-sofit,Frotas by Sofit,Gestão,"Com o Frotas by Sofit você faz a gestão completa de todos os tipos de veículos da sua empresa, com processos automatizados, consolidando todas as informações sobre a frota em um só lugar.",https://produtos.totvs.com/produto/frotas-by-sofit/,Frotas by Sofit,
GRC,grc,GRC,Gestão,,https://produtos.totvs.com/produto/grc/,GRC,
Gesplan Planejamento e Orçamento,gesplan-planejamento-e-orcamento,Gesplan Planejamento e Orçamento,Gestão,Conte com o sistema Gesplan Planejamento e Orçamento para consolidar de forma simples as informações financeiras e orçamentárias de todas as áreas da sua empresa. Tenha agilidade na consulta de dados e controle centralizado.,https://produtos.totvs.com/produto/gesplan-planejamento-e-orcamento/,Gesplan Planejamento e Orçamento|gesplan planejamento e orcamento,
Gestão ESG by Deep,gestao-esg-by-deep,Gestão ESG by Deep,Gestão,,https://produtos.totvs.com/produto/gestao-esg-by-deep/,Gestão ESG by Deep|gestao esg by deep,
Gestão Estratégica by Facilit,gestao-estrategica-by-facilit,Gestão Estratégica by Facilit,Gestão,"Conte com uma plataforma de governança que possibilita uma abordagem sistemática para seu planejamento estratégico. Com o sistema Gestão Estratégica by Facilit, você tem muito mais que um sistema de gestão de projetos.",https://produtos.totvs.com/produto/gestao-estrategica-by-facilit/,Gestão Estratégica by Facilit|gestao estrategica by facilit,
Gestão Google Classroom by Foreducation EdTech,gestao-integracao-classroom-by-foreducation-edtech,Gestão Google Classroom by Foreducation EdTech,Gestão,"O Gestão Google Classroom by Foreducation EdTech é um sistema que integra o TOTVS Educacional à plataforma do Google Classroom. Com ele, você pode aplicar e editar trilhas de aprendizagem multimídia na plataforma e acompanhar sua operação acadêmica por meio de dashboards dinâmicos e intuitivos, potencializando a experiência digital na sua instituição de ensino.",https://produtos.totvs.com/produto/gestao-integracao-classroom-by-foreducation-edtech/,Gestão Google Classroom by Foreducation EdTech|gestao integracao classroom by foreducation edtech,
Gestão de Despesas by Stuo Expense,gestao-de-despesas-by-stuo-expense,Gestão de Despesas by Stuo Expense,Gestão,"Com o Gestão de Despesas by Stuo Expense sua empresa elimina papel, planilhas e qualquer processo manual de gestão de despesa. Controle tudo automaticamente e tenha mais eficiência na prestação de contas.",https://produtos.totvs.com/produto/gestao-de-despesas-by-stuo-expense/,Gestão de Despesas by Stuo Expense|gestao de despesas by stuo expense,
Gestão de Frotas,gestao-de-frotas,Gestão de Frotas,Gestão,,https://produtos.totvs.com/produto/gestao-de-frotas/,Gestão de Frotas|gestao de frotas,
TOTVS Gestão de Frotas - Linha Datasul,linha-datasul-totvs-gestao-de-frotas,Gestão de Frotas,Gestão,"O TOTVS Gestão de Frotas – Linha Datasul é um sistema de gestão especialista desenvolvido para a administração das variáveis que envolvem a manutenção e os custos da sua frota. Controle processos de abastecimento, lubrificação, manutenção mecânica, pneus, peças, documentação, seguros, entre outros.",https://produtos.totvs.com/produto/gestao-de-frotas/linha-datasul-totvs-gestao-de-frotas/,TOTVS Gestão de Frotas - Linha Datasul|Gestão de Frotas - Linha Datasul|Gestão de Frotas|linha datasul totvs gestao de frotas,gestao-de-frotas
TOTVS Gestão de Frotas - Linha Protheus,linha-protheus-totvs-gestao-de-frotas,Gestão de Frotas,Gestão,"Conte com um sistema completo para o planejamento e controle de frotas, potencialize a gestão de abastecimentos, pneus, planejamento e execução de manutenção.",https://produtos.totvs.com/produto/gestao-de-frotas/linha-protheus-totvs-gestao-de-frotas/,TOTVS Gestão de Frotas - Linha Protheus|Gestão de Frotas - Linha Protheus|Gestão de Frotas|linha protheus totvs gestao de frotas,gestao-de-frotas
Gestão de Parques e Clubes by Tríade,gestao-de-parques-e-clubes-by-triade,Gestão de Parques e Clubes by Tríade,Gestão,"O Gestão de Parques e Clubes atende todas as necessidades operacionais e administrativas do segmento e conta com funções de controle de acesso, controle de consumo e gestão para venda de ingressos.",https://produtos.totvs.com/produto/gestao-de-parques-e-clubes-by-triade/,Gestão de Parques e Clubes by Tríade|gestao de parques e clubes by triade,
Gestão de Vendas by Retail App,gestao-de-vendas-by-retail-app,Gestão de Vendas by Retail App,Gestão,"O Gestão de Vendas by Retail App permite a análise de dados do seu varejo e facilita a gestão da loja em tempo real. A ferramenta possui integração nativa com TOTVS Varejo Franquias e Redes, TOTVS Varejo Lojas – Linha Protheus, TOTVS Varejo Food Service e TOTVS Moda.",https://produtos.totvs.com/produto/gestao-de-vendas-by-retail-app/,Gestão de Vendas by Retail App|gestao de vendas by retail app,
Backoffice SaaS,backoffice-saas,Hotelaria,Gestão,,https://produtos.totvs.com/produto/hotelaria/backoffice-saas/,Backoffice SaaS,hotelaria
Gestor de Canais by CM Reservas,gestor-de-canais-by-cm-reservas,Hotelaria,Gestão,"O Gestor de Canais by CM Reservas é um sistema que centraliza a gestão de seus canais de venda em um só lugar. Com isso, você não perde tempo atualizando os dados de reservas, preços e disponibilidade em cada plataforma.",https://produtos.totvs.com/produto/hotelaria/gestor-de-canais-by-cm-reservas/,Gestor de Canais by CM Reservas,hotelaria
Hotelaria,hotelaria,Hotelaria,Gestão,Os produtos TOTVS estão em constante evolução para transpor desafios e acompanhar cada etapa da jornada digital da sua empresa.,https://produtos.totvs.com/produto/hotelaria/,Hotelaria,
Reservas Corporativas by B2B Reservas,reservas-corporativas-by-b2b-reservas,Hotelaria,Gestão,,https://produtos.totvs.com/produto/hotelaria/reservas-corporativas-by-b2b-reservas/,Reservas Corporativas by B2B Reservas,hotelaria
RMS Hotelaria by Bebook,rms-hotelaria-by-bebook,Hotelaria,Gestão,,https://produtos.totvs.com/produto/hotelaria/rms-hotelaria-by-bebook/,RMS Hotelaria by Bebook,hotelaria
TOTVS Hotelaria Distribuição,hotelaria-distribuicao,Hotelaria,Gestão,"O TOTVS Hotelaria Distribuição é uma solução com estrutura modular e permite que você monte o pacote mais adequado para sua operação hoteleira. Além disso, ela atende todas as suas demandas operacionais, como: controladoria, recepção de hóspedes, distribuição e reservas, almoxarifado, entre outras.",https://produtos.totvs.com/produto/hotelaria/hotelaria-distribuicao/,TOTVS Hotelaria Distribuição|Hotelaria Distribuição|hotelaria distribuicao,hotelaria
TOTVS Hotelaria Emissão e Custódia,totvs-emissao-e-custodia,Hotelaria,Gestão,,https://produtos.totvs.com/produto/hotelaria/totvs-emissao-e-custodia/,TOTVS Hotelaria Emissão e Custódia|Hotelaria Emissão e Custódia|totvs emissao e custodia,hotelaria
TOTVS Hotelaria Menu Digital,menu-digital,Hotelaria,Gestão,"O TOTVS Hotelaria Menu Digital é um sistema móvel, com tecnologia de geolocalização, desenvolvido para melhorar a experiência de hospedagem no setor de hotelaria, proporcionando mais autonomia aos clientes. Contratado por assinatura, ele roda 100% em nuvem e não exige grande infraestrutura de tecnologia em seu hotel.",https://produtos.totvs.com/produto/hotelaria/menu-digital/,TOTVS Hotelaria Menu Digital|Hotelaria Menu Digital|menu digital,hotelaria
TOTVS Hotelaria Otimizador de Receitas,totvs-hotelaria-otimizador-de-receitas,Hotelaria,Gestão,,https://produtos.totvs.com/produto/hotelaria/totvs-hotelaria-otimizador-de-receitas/,TOTVS Hotelaria Otimizador de Receitas|Hotelaria Otimizador de Receitas,hotelaria
TOTVS Hotelaria PDV - Linha Hotal,totvs-hotelaria-pdv-linha-hotal,Hotelaria,Gestão,"O TOTVS Hotelaria PDV – Linha Hotal é um sistema completo de gestão de ponto de vendas vocacionado para atender as necessidades específicas do setor hoteleiro. Com ele, você controla a venda de produtos e serviços dentro do seu hotel, seja no restaurante, no bar, na piscina e onde mais você precisar.",https://produtos.totvs.com/produto/hotelaria/totvs-hotelaria-pdv-linha-hotal/,TOTVS Hotelaria PDV - Linha Hotal|Hotelaria PDV - Linha Hotal|Hotelaria PDV|Linha Hotal|totvs hotelaria pdv linha hotal,hotelaria
TOTVS Hotelaria PMS - Linha Hotal,totvs-hotelaria-pms-linha-hotal,Hotelaria,Gestão,"O TOTVS Hotelaria PMS – Linha Hotal é um sistema que cobre todas as demandas operacionais hoteleiras da sua empresa, desde a gestão das reservas até o checkout dos hóspedes, passando por governança, serviços e gestão de eventos, entre outros.",https://produtos.totvs.com/produto/hotelaria/totvs-hotelaria-pms-linha-hotal/,TOTVS Hotelaria PMS - Linha Hotal|Hotelaria PMS - Linha Hotal|Hotelaria PMS|Linha Hotal|totvs hotelaria pms linha hotal,hotelaria
TOTVS Hotelaria PMS SaaS,pms-saas,Hotelaria,Gestão,"O TOTVS Hotelaria PMS SaaS é uma solução voltada para o segmento de Hotelaria, com ferramentas de gestão para administrar de forma automática reservas, tarifas, trocas de quarto, operação de bebidas e alimentação, pagamentos, emissão de notas e documentos fiscais, entre outros.",https://produtos.totvs.com/produto/hotelaria/pms-saas/,TOTVS Hotelaria PMS SaaS|Hotelaria PMS SaaS|pms saas,hotelaria
TOTVS Hotelaria POS,pos,Hotelaria,Gestão,"O TOTVS Hotelaria POS é uma suíte completa de ferramentas para estabelecimentos hoteleiros. Com ela, você incorpora automaticamente os dados dos pontos de venda diretamente ao Front Office e aos sistemas de gestão fiscal, contábil e financeira, com muito mais eficiência para suas operações.",https://produtos.totvs.com/produto/hotelaria/pos/,TOTVS Hotelaria POS|Hotelaria POS|pos,hotelaria
Diagnóstico de Ambiente,diagnostico-de-ambiente,Infra Services,Gestão,Conte com o Diagnóstico de Ambiente da área Delivery Center para apontar gaps na infraestrutura de sua empresa e indicar melhorias para o desempenho do seu ambiente digital.,https://produtos.totvs.com/produto/servicos/infra-services/diagnostico-de-ambiente/,Diagnóstico de Ambiente|diagnostico de ambiente,infra-services
Projetos de Infraestrutura de Software,projetos-de-infraestrutura-de-software,Infra Services,Gestão,,https://produtos.totvs.com/produto/servicos/infra-services/projetos-de-infraestrutura-de-software/,Projetos de Infraestrutura de Software,infra-services
Sizing,sizing,Infra Services,Gestão,"Conte com um serviço de consultoria da área Delivery Center da TOTVS, que permite determinar qual é a necessidade de infraestrutura e investimento em tecnologia na sua empresa. Sua empresa terá apoio técnico especializado para dimensionar o projeto de infraestrutura para soluções TOTVS.",https://produtos.totvs.com/produto/servicos/infra-services/sizing/,Sizing,infra-services
Tuning Pack,tuning-pack,Infra Services,Gestão,Conte com o serviço de Tuning Pack para levantamento do seu ambiente digital e desenho de um plano de manutenção mais eficiente para sua infraestrutura de tecnologia.,https://produtos.totvs.com/produto/servicos/infra-services/tuning-pack/,Tuning Pack,infra-services
Insights by Targit,insights-by-targit,Insights by Targit,Gestão,,https://produtos.totvs.com/produto/insights-by-targit/,Insights by Targit,
Integrador Plataformas Educacionais by WorkNow,integrador-plataformas-educacionais-by-worknow,Integrador Plataformas Educacionais by WorkNow,Gestão,O Integrador Plataformas Educacionais by WorkNow é um sistema para conectar plataformas EAD e distribuição de conteúdo ao TOTVS Educacional.,https://produtos.totvs.com/produto/integrador-plataformas-educacionais-by-worknow/,Integrador Plataformas Educacionais by WorkNow,
Integrador de Conversas by Worknow,integrador-de-conversas-by-worknow,Integrador de Conversas by Worknow,Gestão,,https://produtos.totvs.com/produto/integrador-de-conversas-by-worknow/,Integrador de Conversas by Worknow,
Inteligência Artificial,inteligencia-artificial,Inteligência Artificial,Gestão,Agosto começa com IBS e CBS obrigatórios. Sua empresa está pronta?,https://produtos.totvs.com/produto/inteligencia-artificial/,Inteligência Artificial|inteligencia artificial,
TOTVS Carol Plataforma,totvs-carol-plataforma,Inteligência Artificial,Gestão,A TOTVS Carol Plataforma oferece capacidade de processamento para grande volume de dados e ferramentas de machine learning para você criar softwares e aplicativos inovadores e disruptivos.,https://produtos.totvs.com/produto/inteligencia-artificial/totvs-carol-plataforma/,TOTVS Carol Plataforma|Carol Plataforma,inteligencia-artificial
Inteligência Fiscal by IOB,inteligencia-fiscal-by-iob,Inteligência Fiscal by IOB,Gestão,O Inteligência Fiscal by IOB faz a auditoria de dados e cruza informações para encontrar inconsistências e antecipar a correção de erros relacionados às obrigações fiscais e contábeis de sua empresa.,https://produtos.totvs.com/produto/inteligencia-fiscal-by-iob/,Inteligência Fiscal by IOB|inteligencia fiscal by iob,
Inteligência Jurídica by Deep Legal,inteligencia-juridica-by-deep-legal,Inteligência Jurídica by Deep Legal,Gestão,Conte com o sistema de jurimetria para potencializar o monitoramento e análise de dados de processos e tenha uma gestão detalhada dos processos jurídicos.,https://produtos.totvs.com/produto/inteligencia-juridica-by-deep-legal/,Inteligência Jurídica by Deep Legal|inteligencia juridica by deep legal,
Inteligência de Estoque by Systock,inteligencia-de-estoque-by-systock,Inteligência de Estoque by Systock,Gestão,,https://produtos.totvs.com/produto/inteligencia-de-estoque-by-systock/,Inteligência de Estoque by Systock|inteligencia de estoque by systock,
Inteligência de dados,inteligencia-de-dados,Inteligência de dados,Gestão,Os produtos TOTVS estão em constante evolução para transpor desafios e acompanhar cada etapa da jornada digital da sua empresa.,https://produtos.totvs.com/produto/inteligencia-de-dados/,Inteligência de dados|inteligencia de dados,
Gestão de Documentos Jurídicos by Legal Desk,gestao-de-documentos-juridicos-by-legal-desk,Jurídico,Gestão,O Gestão de Documentos Jurídicos by Legal Desk é um sistema que permite ao escritório organizar e compartilhar documentos eletrônicos com total controle e segurança.,https://produtos.totvs.com/produto/juridico/gestao-de-documentos-juridicos-by-legal-desk/,Gestão de Documentos Jurídicos by Legal Desk|gestao de documentos juridicos by legal desk,juridico
Jurídico,juridico,Jurídico,Gestão,Os produtos TOTVS estão em constante evolução para transpor desafios e acompanhar cada etapa da jornada digital da sua empresa.,https://produtos.totvs.com/produto/juridico/,Jurídico|juridico,
TOTVS Departamentos Jurídicos,departamentos,Jurídico,Gestão,"O TOTVS Departamentos Jurídicos é uma solução voltada para o gerenciamento de departamentos jurídicos de empresas. Trata-se de um sistema versátil, capaz de atender às principais demandas administrativas e operacionais desse segmento, com inovações que reduzem a burocracia e o vaivém de papéis e documentos.",https://produtos.totvs.com/produto/juridico/departamentos/,TOTVS Departamentos Jurídicos|Departamentos Jurídicos|departamentos,juridico
TOTVS Gestão Jurídica - Linha Sisjuri,totvs-gestao-juridica-linha-sisjuri,Jurídico,Gestão,"Com o TOTVS Gestão Jurídica - Linha Sisjuri é possível acompanhar todas as variáveis envolvidas em processos judiciais, com agilidade e inteligência. A solução permite automatizar rotinas com eficiência e gerenciar grande número de processos.",https://produtos.totvs.com/produto/juridico/totvs-gestao-juridica-linha-sisjuri/,TOTVS Gestão Jurídica - Linha Sisjuri|Gestão Jurídica - Linha Sisjuri|Gestão Jurídica|Linha Sisjuri|totvs gestao juridica linha sisjuri,juridico
LMS by Afferolab,lms-by-afferolab,LMS by Afferolab,Gestão,"Conte com o LMS by Afferolab, um LMS (Learning Management System) completo e robusto, para atender todas as necessidades de gestão e secretaria on-line dos programas e instituições educacionais corporativas.",https://produtos.totvs.com/produto/lms-by-afferolab/,LMS by Afferolab,
LXP by Afferolab,lxp-by-afferolab,LXP by Afferolab,Gestão,"Tenha uma plataforma de educação para oferecer uma experiência de aprendizagem acelerada, com autonomia e protagonismo dos seus colaboradores.",https://produtos.totvs.com/produto/lxp-by-afferolab/,LXP by Afferolab,
Licitações by Portal de Contas Públicas,licitacoes-by-portal-de-contas-publicas,Licitações by Portal de Contas Públicas,Gestão,,https://produtos.totvs.com/produto/licitacoes-by-portal-de-contas-publicas/,Licitações by Portal de Contas Públicas|licitacoes by portal de contas publicas,
Linha Datasul,linha-datasul,Linha Datasul,Gestão,,https://produtos.totvs.com/produto/linha-datasul/,Linha Datasul,
Linha Protheus,linha-protheus,Linha Protheus,Gestão,,https://produtos.totvs.com/produto/linha-protheus/,Linha Protheus,
Logística,logistica,Logística,Gestão,Os produtos TOTVS estão em constante evolução para transpor desafios e acompanhar cada etapa da jornada digital da sua empresa.,https://produtos.totvs.com/produto/logistica/,Logística|logistica,
teste10,teste10,Logística,Gestão,,https://produtos.totvs.com/produto/logistica/teste10/,teste10,logistica
TOTVS Automação de Terminais,totvs-automacao-de-terminais,Logística,Gestão,,https://produtos.totvs.com/produto/logistica/totvs-automacao-de-terminais/,TOTVS Automação de Terminais|Automação de Terminais|totvs automacao de terminais,logistica
TOTVS Logística Recintos Aduaneiros,recintos-aduaneiros,Logística,Gestão,"O TOTVS Logística Recintos Aduaneiros é uma solução TOTVS para o gerenciamento da logística e armazenagem de produtos em recintos aduaneiros. É um sistema completo, que responde a todas as necessidades de importadores, exportadores e despachantes aduaneiros.",https://produtos.totvs.com/produto/logistica/recintos-aduaneiros/,TOTVS Logística Recintos Aduaneiros|Logística Recintos Aduaneiros|recintos aduaneiros,logistica
TOTVS Logística TMS,tms,Logística,Gestão,"O TOTVS Logística TMS é uma ferramenta especialista da TOTVS, voltada para transportadoras e operadoras de logística, com atuação nos mercados de carga consolidada ou fracionada. O sistema é dedicado ao gerenciamento específico de toda a documentação fiscal e contábil de operações logísticas.",https://produtos.totvs.com/produto/logistica/tms/,TOTVS Logística TMS|Logística TMS|tms,logistica
TOTVS Monitoramento Logístico,monitoramento-logistico,Logística,Gestão,,https://produtos.totvs.com/produto/logistica/monitoramento-logistico/,TOTVS Monitoramento Logístico|Monitoramento Logístico|monitoramento logistico,logistica
TOTVS Portal Logístico,totvs-portal-logistico,Logística,Gestão,,https://produtos.totvs.com/produto/logistica/totvs-portal-logistico/,TOTVS Portal Logístico|Portal Logístico|totvs portal logistico,logistica
TOTVS TMS SaaS,totvs-tms-saas,Logística,Gestão,"O TOTVS TMS SaaS digitaliza o processo logístico dos transportadores de ponta a ponta, evitando erros de negócios e falhas nos processos fiscais, para reduzir o custo de refaturamento dos serviços.",https://produtos.totvs.com/produto/logistica/totvs-tms-saas/,TOTVS TMS SaaS|TMS SaaS,logistica
TOTVS WMS – LINHA LOGIX,totvs-wms-linha-logix-logistica,Logística,Gestão,,https://produtos.totvs.com/produto/logistica/totvs-wms-linha-logix-logistica/,TOTVS WMS – LINHA LOGIX|WMS – LINHA LOGIX|totvs wms linha logix logistica,logistica
Make it Easy by iv2,make-it-easy-by-iv2,Make it Easy by iv2,Gestão,"O Make It Easy by iv2 facilita a organização de listas, tarefas, projetos e timesheets de forma integrada ao TOTVS Fluig Plataforma.",https://produtos.totvs.com/produto/make-it-easy-by-iv2/,Make it Easy by iv2,
Avaliação de Fornecedores By Mercado Eletrônico,avaliacao-de-fornecedores-by-mercado-eletronico,Manufatura,Gestão,,https://produtos.totvs.com/produto/manufatura/avaliacao-de-fornecedores-by-mercado-eletronico/,Avaliação de Fornecedores By Mercado Eletrônico|avaliacao de fornecedores by mercado eletronico,manufatura
Gestão de Contratos by Mercado Eletrônico,gestao-de-contratos-by-mercado-eletronico,Manufatura,Gestão,,https://produtos.totvs.com/produto/manufatura/gestao-de-contratos-by-mercado-eletronico/,Gestão de Contratos by Mercado Eletrônico|gestao de contratos by mercado eletronico,manufatura
Homologação de Fornecedores By Mercado Eletrônico,homologacao-de-fornecedores-by-mercado-eletronico,Manufatura,Gestão,,https://produtos.totvs.com/produto/manufatura/homologacao-de-fornecedores-by-mercado-eletronico/,Homologação de Fornecedores By Mercado Eletrônico|homologacao de fornecedores by mercado eletronico,manufatura
Manufatura,manufatura,Manufatura,Gestão,Os produtos TOTVS estão em constante evolução para transpor desafios e acompanhar cada etapa da jornada digital da sua empresa.,https://produtos.totvs.com/produto/manufatura/,Manufatura,
MES by PPI-Multitask,mes-by-ppi-multitask,Manufatura,Gestão,"O MES by PPI-Multitask é um sistema que faz toda a comunicação entre as máquinas industriais e o sistema de gestão da produção industrial da fábrica. Com ele, você automatiza processos e controla rotinas de forma prática. É a sua porta de entrada para a Indústria 4.0.",https://produtos.totvs.com/produto/manufatura/mes-by-ppi-multitask/,MES by PPI-Multitask|mes by ppi multitask,manufatura
TOTVS Comércio Exterior,totvs-comercio-exterior,Manufatura,Gestão,"O TOTVS Comércio Exterior é uma suíte de módulos, desenvolvida pela Thomson Reuters (empresa parceira da TOTVS), voltada para atender empresas que operam no comércio externo, seja como exportadores, importadores ou ambos. Com o sistema, você gerencia os processos de forma integrada ao ERP da sua empresa.",https://produtos.totvs.com/produto/manufatura/totvs-comercio-exterior/,TOTVS Comércio Exterior|Comércio Exterior|totvs comercio exterior,manufatura
TOTVS Gestão Ambiental,totvs-gestao-ambiental,Manufatura,Gestão,"O TOTVS Gestão Ambiental é um sistema, desenvolvido pela NG Informática (empresa parceira da TOTVS), para controlar todos os indicadores de gestão ambiental da sua empresa de forma versátil e amigável. Por meio dele, você pode gerenciar todos os impactos de suas atividades, produtos e serviços no meio ambiente, com foco total em sustentabilidade.",https://produtos.totvs.com/produto/manufatura/totvs-gestao-ambiental/,TOTVS Gestão Ambiental|Gestão Ambiental|totvs gestao ambiental,manufatura
TOTVS Importação e Exportação,totvs-importacao-e-exportacao,Manufatura,Gestão,"O TOTVS Importação e Exportação é um sistema, desenvolvido pela Thomson Reuters (empresa parceira da TOTVS), voltado para atender os processos de compra e venda de produtos no mercado externo. Com ele, você tem a gestão completa e integrada de todo o processo logístico, comercial, e das relações com fornecedores e despachantes, tudo de forma integrada ao ERP da sua empresa.",https://produtos.totvs.com/produto/manufatura/totvs-importacao-e-exportacao/,TOTVS Importação e Exportação|Importação e Exportação|totvs importacao e exportacao,manufatura
TOTVS Manufatura - Linha Datasul,totvs-manufatura-linha-datasul,Manufatura,Gestão,"O TOTVS Manufatura - Linha Datasul é uma solução especialista da TOTVS voltada para indústrias que por meio da gestão eficiente da sua fábrica, proporciona melhorias desde a entrada de insumos até a saída da linha de produção, com dashboards dinâmicos para ajudar sua empresa a tomar melhores decisões.",https://produtos.totvs.com/produto/manufatura/totvs-manufatura-linha-datasul/,TOTVS Manufatura - Linha Datasul|Manufatura - Linha Datasul|Manufatura|totvs manufatura linha datasul,manufatura
TOTVS Manufatura - Linha Logix,linha-logix-totvs-manufatura,Manufatura,Gestão,"O TOTVS Manufatura - Linha Logix é um sistema especialista da TOTVS voltado para indústrias que permite gerenciar todas as etapas do processo industrial , melhorando a qualidade de planejamento e agilizando o atendimento de pedidos. Um sistema robusto e flexível que prepara sua empresa para a indústria 4.0.",https://produtos.totvs.com/produto/manufatura/linha-logix-totvs-manufatura/,TOTVS Manufatura - Linha Logix|Manufatura - Linha Logix|Manufatura|linha logix totvs manufatura,manufatura
TOTVS Manufatura - Linha Protheus,totvs-manufatura-linha-protheus,Manufatura,Gestão,"O TOTVS Manufatura - Linha Protheus é um sistema especialista da TOTVS voltado para indústrias que permite gerenciar todas as etapas do processo industrial, com informações detalhadas e precisas sobre a produção. Um sistema robusto e flexível que prepara sua empresa para a indústria 4.0.",https://produtos.totvs.com/produto/manufatura/totvs-manufatura-linha-protheus/,TOTVS Manufatura - Linha Protheus|Manufatura - Linha Protheus|Manufatura|totvs manufatura linha protheus,manufatura
TOTVS Manufatura APS,totvs-manufatura-aps,Manufatura,Gestão,"O sistema TOTVS Manufatura APS possibilita o planejamento avançado de produção, com flexibilidade para atender indústrias de todos os tamanhos, nos mais diferentes segmentos. Além disso, a solução é integrada de forma nativa aos sistemas TOTVS Manufatura das linhas Protheus , Datasul e Logix.",https://produtos.totvs.com/produto/manufatura/totvs-manufatura-aps/,TOTVS Manufatura APS|Manufatura APS,manufatura
TOTVS MODA,totvs-moda-manufatura,Manufatura,Gestão,,https://produtos.totvs.com/produto/manufatura/totvs-moda-manufatura/,TOTVS MODA|MODA|totvs moda manufatura,manufatura
TOTVS OTIMIZAÇÃO LOGÍSTICA,totvs-otimizacao-logistica-manufatura,Manufatura,Gestão,,https://produtos.totvs.com/produto/manufatura/totvs-otimizacao-logistica-manufatura/,TOTVS OTIMIZAÇÃO LOGÍSTICA|OTIMIZAÇÃO LOGÍSTICA|totvs otimizacao logistica manufatura,manufatura
TOTVS ROTERIZAÇÃO E ENTREGAS,totvs-roterizacao-e-entregas-manufatura,Manufatura,Gestão,,https://produtos.totvs.com/produto/manufatura/totvs-roterizacao-e-entregas-manufatura/,TOTVS ROTERIZAÇÃO E ENTREGAS|ROTERIZAÇÃO E ENTREGAS|totvs roterizacao e entregas manufatura,manufatura
TOTVS WMS - LINHA DATASUL,totvs-wms-linha-datasul-manufatura,Manufatura,Gestão,,https://produtos.totvs.com/produto/manufatura/totvs-wms-linha-datasul-manufatura/,TOTVS WMS - LINHA DATASUL|WMS - LINHA DATASUL|WMS|totvs wms linha datasul manufatura,manufatura
TOTVS WMS – LINHA LOGIX,totvs-wms-linha-logix-manufatura,Manufatura,Gestão,,https://produtos.totvs.com/produto/manufatura/totvs-wms-linha-logix-manufatura/,TOTVS WMS – LINHA LOGIX|WMS – LINHA LOGIX|totvs wms linha logix manufatura,manufatura
TOTVS WMS – LINHA PROTHEUS,totvs-wms-linha-protheus-manufatura,Manufatura,Gestão,,https://produtos.totvs.com/produto/manufatura/totvs-wms-linha-protheus-manufatura/,TOTVS WMS – LINHA PROTHEUS|WMS – LINHA PROTHEUS|totvs wms linha protheus manufatura,manufatura
Manutenção de Ativos,manutencao-de-ativos,Manutenção de Ativos,Gestão,,https://produtos.totvs.com/produto/manutencao-de-ativos/,Manutenção de Ativos|manutencao de ativos,
TOTVS Manutenção de Ativos - Linha Datasul,linha-datasul-totvs-manutencao-de-ativos,Manutenção de Ativos,Gestão,"O TOTVS Manutenção de Ativos – Linha Datasul é um sistema altamente flexível, que pode ser configurado de acordo com as necessidades da sua operação.",https://produtos.totvs.com/produto/manutencao-de-ativos/linha-datasul-totvs-manutencao-de-ativos/,TOTVS Manutenção de Ativos - Linha Datasul|Manutenção de Ativos - Linha Datasul|Manutenção de Ativos|linha datasul totvs manutencao de ativos,manutencao-de-ativos
TOTVS Manutenção de Ativos - Linha Protheus,linha-protheus-totvs-manutencao-de-ativos,Manutenção de Ativos,Gestão,"O TOTVS Manutenção de Ativos - Linha Protheus é um sistema que permite controlar a sua gestão de ativos de forma automática e muito mais inteligente. Com ele, você programa a execução de todas as atividades de manutenção preventivas ou corretivas.",https://produtos.totvs.com/produto/manutencao-de-ativos/linha-protheus-totvs-manutencao-de-ativos/,TOTVS Manutenção de Ativos - Linha Protheus|Manutenção de Ativos - Linha Protheus|Manutenção de Ativos|linha protheus totvs manutencao de ativos,manutencao-de-ativos
PDV Mobile by Easy Analytics,pdv-mobile-by-easy-analytics,PDV Mobile by Easy Analytics,Gestão,"O PDV Mobile by Easy Analytics ajuda a eliminar filas e melhorar a experiência de compra dos clientes em suas lojas, já que permite fechar a vendas sem precisar ir até o caixa.",https://produtos.totvs.com/produto/pdv-mobile-by-easy-analytics/,PDV Mobile by Easy Analytics,
PEP,pep,PEP,Gestão,"O PEP é a solução de Prontuário Eletrônico de Pacientes da TOTVS. Com o sistema, aé possível controlar todos os processos de atendimento ao paciente, da recepção à internação, passando pelo controle de prescrições e procedimentos, entre outros.",https://produtos.totvs.com/produto/pep/,PEP,
Pedido Digital by Videosoft,pedido-digital-by-videosoft,Pedido Digital by Videosoft,Gestão,"O Pedido Digital by Videosoft é um sistema de autoatendimento para o segmento de Food Service, que dá ao cliente autonomia para fazer os pedidos digitalmente, de forma simples e rápida.",https://produtos.totvs.com/produto/pedido-digital-by-videosoft/,Pedido Digital by Videosoft,
Peticionamento by Loy Legal,peticionamento-by-loy-legal,Peticionamento by Loy Legal,Gestão,"Conte com o Peticionamento by Loy Legal para facilitar o envio de peticionamentos para todos os tribunais, independente do Estado e do software usado para as petições.",https://produtos.totvs.com/produto/peticionamento-by-loy-legal/,Peticionamento by Loy Legal,
Plataforma do Beneficiário by Mobile Saúde,plataforma-do-beneficiario-by-mobile-saude,Plataforma do Beneficiário by Mobile Saúde,Gestão,"Com a Plataforma do Beneficiário by Mobile Saúde é uma você tem um sistema completo de autoatendimento para o beneficiário, com Portal e App, e oferece escala ao atendimento da carteira de beneficiários do plano de saúde.",https://produtos.totvs.com/produto/plataforma-do-beneficiario-by-mobile-saude/,Plataforma do Beneficiário by Mobile Saúde|plataforma do beneficiario by mobile saude,
Gestão Deathcare by Duofy,gestao-deathcare-by-duofy,Prestadores de Serviços,Gestão,,https://produtos.totvs.com/produto/prestadores-de-servicos/gestao-deathcare-by-duofy/,Gestão Deathcare by Duofy|gestao deathcare by duofy,prestadores-de-servicos
Prestadores de Serviços,prestadores-de-servicos,Prestadores de Serviços,Gestão,Os produtos TOTVS estão em constante evolução para transpor desafios e acompanhar cada etapa da jornada digital da sua empresa.,https://produtos.totvs.com/produto/prestadores-de-servicos/,Prestadores de Serviços|prestadores de servicos,
Ronda de Trabalho by FindMe,ronda-de-trabalho-by-findme,Prestadores de Serviços,Gestão,"Com o Ronda de Trabalho by FindMe é possível saber exatamente o que está acontecendo em campo, controlando e registrando o resultado das rondas de supervisão executadas em cada contrato.",https://produtos.totvs.com/produto/prestadores-de-servicos/ronda-de-trabalho-by-findme/,Ronda de Trabalho by FindMe,prestadores-de-servicos
Supervisor de Posto de Trabalho by FindMe,supervisor-de-posto-de-trabalho-by-findme,Prestadores de Serviços,Gestão,O Supervisor de Posto de Trabalho by FindMe é um sistema de supervisão remota desenvolvido para obter informações operacionais de cada posto de trabalho de forma simples e rápida.,https://produtos.totvs.com/produto/prestadores-de-servicos/supervisor-de-posto-de-trabalho-by-findme/,Supervisor de Posto de Trabalho by FindMe,prestadores-de-servicos
Telemetria de Transportes by NewsGPS,telemetria-de-transportes-by-newsgps,Prestadores de Serviços,Gestão,,https://produtos.totvs.com/produto/prestadores-de-servicos/telemetria-de-transportes-by-newsgps/,Telemetria de Transportes by NewsGPS,prestadores-de-servicos
TOTVS Prestadores de Serviços Field Service,field-service,Prestadores de Serviços,Gestão,Roadmap – TOTVS Prestadores de Serviços Field Services Management,https://produtos.totvs.com/produto/prestadores-de-servicos/field-service/,TOTVS Prestadores de Serviços Field Service|Prestadores de Serviços Field Service|field service,prestadores-de-servicos
TOTVS Prestadores de Serviços Terceirização,terceirizacao,Prestadores de Serviços,Gestão,"O TOTVS Prestadores de Serviços Terceirização, solução especialista do sistema Protheus para o segmento de Serviços, oferece ferramentas poderosas para impulsionar os negócios. Com ela, é possível aumentar a rentabilidade da sua empresa, melhorar a gestão, controle de custos, contratos e muito mais.",https://produtos.totvs.com/produto/prestadores-de-servicos/terceirizacao/,TOTVS Prestadores de Serviços Terceirização|Prestadores de Serviços Terceirização|terceirizacao,prestadores-de-servicos
TOTVS Rental,rental,Prestadores de Serviços,Gestão,"O TOTVS Rental é um sistema de gestão para todas as necessidades do segmento de locação de máquinas e equipamentos. Ele tem integração ao módulo de Manutenção de Ativos do TOTVS Backoffice - Linha Protheus e ao TOTVS Analytics, para você acompanhar todos os indicadores do seu negócio.",https://produtos.totvs.com/produto/prestadores-de-servicos/rental/,TOTVS Rental|Rental,prestadores-de-servicos
Privacidade de Dados,privacidade-de-dados,Privacidade de Dados,Gestão,,https://produtos.totvs.com/produto/privacidade-de-dados/,Privacidade de Dados,
RPA by Automation Anywhere,rpa-by-automation-anywhere,RPA by Automation Anywhere,Gestão,"O RPA by Automation Anywhere é um software de automação robótica de processos que permite a criação de robôs para executar tarefas de forma automática, em qualquer sistema da empresa.",https://produtos.totvs.com/produto/rpa-by-automation-anywhere/,RPA by Automation Anywhere,
S&OP by Neogrid,sop-by-neogrid,S&OP by Neogrid,Gestão,Conte com um sistema de planejamento de vendas e operações para desenvolver um planejamento colaborativo da demanda da sua empresa.,https://produtos.totvs.com/produto/sop-by-neogrid/,S&OP by Neogrid|sop by neogrid,
Ciclo de Receita by UpFlux,ciclo-de-receita-by-upflux,Saúde,Gestão,,https://produtos.totvs.com/produto/saude/ciclo-de-receita-by-upflux/,Ciclo de Receita by UpFlux,saude
Health Analytics by Horuss AI,health-analytics-by-horuss-ai,Saúde,Gestão,,https://produtos.totvs.com/produto/saude/health-analytics-by-horuss-ai/,Health Analytics by Horuss AI,saude
Insights by Horuss AI,insights-by-horuss-ai,Saúde,Gestão,,https://produtos.totvs.com/produto/saude/insights-by-horuss-ai/,Insights by Horuss AI,saude
Internação e Desospitalização by UpFlux,internacao-e-desospitalizacao-by-upflux,Saúde,Gestão,,https://produtos.totvs.com/produto/saude/internacao-e-desospitalizacao-by-upflux/,Internação e Desospitalização by UpFlux|internacao e desospitalizacao by upflux,saude
Pós-auditoria em Saúde by UpFlux,pos-auditoria-em-saude-by-upflux,Saúde,Gestão,,https://produtos.totvs.com/produto/saude/pos-auditoria-em-saude-by-upflux/,Pós-auditoria em Saúde by UpFlux|pos auditoria em saude by upflux,saude
Saúde,saude,Saúde,Gestão,Os produtos TOTVS estão em constante evolução para transpor desafios e acompanhar cada etapa da jornada digital da sua empresa.,https://produtos.totvs.com/produto/saude/,Saúde|saude,
TOTVS Saúde Consultórios,consultorios,Saúde,Gestão,,https://produtos.totvs.com/produto/saude/consultorios/,TOTVS Saúde Consultórios|Saúde Consultórios|consultorios,saude
TOTVS Saúde Gestor TISS,gestor-tiss,Saúde,Gestão,O TOTVS Saúde Gestor TISS faz a análise automática dos dados que são gerados para a entrega do IDSS para a Agência Nacional de Saúde Suplementar (ANS).,https://produtos.totvs.com/produto/saude/gestor-tiss/,TOTVS Saúde Gestor TISS|Saúde Gestor TISS|gestor tiss,saude
TOTVS Saúde Hospitais e Clínicas,hospitais-e-clinicas,Saúde,Gestão,"O TOTVS Saúde Hospitais e Clínicas é um sistema de gestão que permite administrar todos os processos da sua instituição de forma ágil e eficiente, sempre com 100% de compliance quanto legislação e regulamentos do setor de saúde, e conformidade em relação aos contratos firmados com empresas e planos de saúde.",https://produtos.totvs.com/produto/saude/hospitais-e-clinicas/,TOTVS Saúde Hospitais e Clínicas|Saúde Hospitais e Clínicas|hospitais e clinicas,saude
TOTVS Saúde Planos - Linha Datasul,totvs-saude-planos-linha-datasul,Saúde,Gestão,"O TOTVS Saúde Planos – Linha Datasul é uma solução criada para responder às necessidades de gestão de planos e seguros de saúde. Com ela, é possível realizar a gestão de contratos, carências, cobranças, pagamentos de médicos, cooperados e prestadores credenciados, autorizações de exames e procedimentos e muito mais.",https://produtos.totvs.com/produto/saude/totvs-saude-planos-linha-datasul/,TOTVS Saúde Planos - Linha Datasul|Saúde Planos - Linha Datasul|Saúde Planos|totvs saude planos linha datasul,saude
TOTVS Saúde Planos - Linha Protheus,totvs-saude-planos-linha-protheus,Saúde,Gestão,"O TOTVS Saúde Planos – Linha Protheus é uma solução voltada para o segmento de planos e seguros de saúde. Trata-se de uma ferramenta completa que permite gerenciar todos os aspectos do negócio, incluindo processos fiscais, contábeis e regulatórios, além de facilitar a gestão de carteiras de clientes e convênios.",https://produtos.totvs.com/produto/saude/totvs-saude-planos-linha-protheus/,TOTVS Saúde Planos - Linha Protheus|Saúde Planos - Linha Protheus|Saúde Planos|totvs saude planos linha protheus,saude
TOTVS Saúde Portal Autorizador,portal-autorizador,Saúde,Gestão,"O TOTVS Saúde Portal Autorizador é exclusivo para operadoras de planos de saúde que usam o TOTVS Saúde Planos - Linha Protheus. Com ele, você gerencia de forma rápida e eficiente a comunicação com os prestadores de serviço, na aprovação de exames e procedimentos.",https://produtos.totvs.com/produto/saude/portal-autorizador/,TOTVS Saúde Portal Autorizador|Saúde Portal Autorizador|portal autorizador,saude
Self Checkout by Videosoft,self-checkout-by-videosoft,Self Checkout by Videosoft,Gestão,"O Self Checkout by Videosoft é uma solução completa de autoatendimento, que permite ao cliente fechar as compras na sua loja de forma autônoma, sem a ajuda de um vendedor ou de um operador de caixa.",https://produtos.totvs.com/produto/self-checkout-by-videosoft/,Self Checkout by Videosoft,
Aplicações SAAS,aplicacoes-saas,Serviços,Gestão,,https://produtos.totvs.com/produto/servicos/aplicacoes-saas/,Aplicações SAAS|aplicacoes saas,servicos
Fábrica de Software,fabrica-de-sw,Serviços,Gestão,"Tenha a estrutura de desenvolvimento de sistemas da TOTVS a serviço da sua empresa para criar customizações, integrações e ferramentas específicas para atender demandas operacionais e administrativas do seu negócio.",https://produtos.totvs.com/produto/servicos/fabrica-de-sw/,Fábrica de Software|fabrica de sw,servicos
Infra Services,infra-services,Serviços,Gestão,,https://produtos.totvs.com/produto/servicos/infra-services/,Infra Services,servicos
Infraestrutura de Sistemas,infraestrutura-de-sistemas,Serviços,Gestão,,https://produtos.totvs.com/produto/servicos/infraestrutura-de-sistemas/,Infraestrutura de Sistemas,servicos
Prime Ágil,prime-agil,Serviços,Gestão,,https://produtos.totvs.com/produto/servicos/prime-agil/,Prime Ágil|prime agil,servicos
Serviços,servicos,Serviços,Gestão,,https://produtos.totvs.com/produto/servicos/,,
Sustentação,sustentacao,Serviços,Gestão,,https://produtos.totvs.com/produto/servicos/sustentacao/,Sustentação|sustentacao,servicos
Upgrade de Releases,upgrade-de-releases,Serviços,Gestão,,https://produtos.totvs.com/produto/servicos/upgrade-de-releases/,Upgrade de Releases,servicos
Setor Público,setor-publico,Setor Público,Gestão,,https://produtos.totvs.com/produto/setor-publico/,Setor Público|setor publico,
Suporte e Manutenção SPOC,suporte-e-manutencao-spoc,Suporte e Manutenção SPOC,Gestão,"O Monitoramento SPOC (Single Point of Contact) oferece mais velocidade na resposta do atendimento. Com ele, você pode pedir prioridade para a solução dos seus problemas e tem contato direto com a estrutura de suporte dos produtos da TOTVS.",https://produtos.totvs.com/produto/suporte-e-manutencao-spoc/,Suporte e Manutenção SPOC|suporte e manutencao spoc,
Suporte e Sustentação,suporte-e-manutencao-prime,Suporte e Sustentação,Gestão,"O Suporte e Sustentação é um serviço que vai além do atendimento padrão, com um escopo mais abrangente, que pode ser formatado de acordo com as necessidades de sua empresa.",https://produtos.totvs.com/produto/suporte-e-manutencao-prime/,Suporte e Sustentação|suporte e manutencao prime,
AMS,ams,Sustentação,Gestão,"O serviço AMS (Application Management Services) do Delivery Center da TOTVS é um serviço completo de sustentação, que evita gargalos operacionais, diminui o tempo de resposta e oferece uma equipe totalmente focada no atendimento do dia a dia da sua empresa.",https://produtos.totvs.com/produto/servicos/sustentacao/ams/,AMS,sustentacao
Assessment de Customizações,assessment-de-customizacoes,Sustentação,Gestão,Conte com o serviço Assessment de Customizações para gerenciar objetos customizados e entender o ambiente de TI através de uma auditoria de melhores práticas de programação.,https://produtos.totvs.com/produto/servicos/sustentacao/assessment-de-customizacoes/,Assessment de Customizações|assessment de customizacoes,sustentacao
Assessoria - TOTVS Departamentos Jurídicos,assessoria-totvs-departamentos-juridicos,Sustentação,Gestão,Conte com o serviço de Assessoria - TOTVS Departamentos Jurídicos do Delivery Center para capacitar colaboradores e aproveitar todos os recursos do sistema.,https://produtos.totvs.com/produto/servicos/sustentacao/assessoria-totvs-departamentos-juridicos/,Assessoria - TOTVS Departamentos Jurídicos|Assessoria|TOTVS Departamentos Jurídicos|assessoria totvs departamentos juridicos,sustentacao
BSO,bso,Sustentação,Gestão,"O BSO (Business Software Outsourcing) é o serviço de guarda e gestão técnica de objetos customizados da TOTVS. Ele assegura governança, rastreabilidade e compatibilidade das suas personalizações, garantindo que os objetos estejam sempre alinhados às versões, releases e atualizações do seu ERP.",https://produtos.totvs.com/produto/servicos/sustentacao/bso/,BSO,sustentacao
Compatibilização de Customizações,compatibilizacao-de-customizacoes,Sustentação,Gestão,Conte com o serviço de Compatibilização de Customizações para detectar e corrigir os problemas de compatibilidade com a nova versão do ERP.,https://produtos.totvs.com/produto/servicos/sustentacao/compatibilizacao-de-customizacoes/,Compatibilização de Customizações|compatibilizacao de customizacoes,sustentacao
Gerenciamento de Infraestrutura de Software,gerenciamento-de-infraestrutura-de-software,Sustentação,Gestão,"Conte com o Gerenciamento de Infraestrutura de Software para realizar manutenções programadas e troubleshooting em bancos de dados, além de análise de logs e consultas de bancos de dados.",https://produtos.totvs.com/produto/servicos/sustentacao/gerenciamento-de-infraestrutura-de-software/,Gerenciamento de Infraestrutura de Software,sustentacao
Reversão de Códigos Fonte,reversao-de-codigos-fonte,Sustentação,Gestão,Conte com o Reversão de Códigos-Fonte do Delivery Center da TOTVS e tenha um serviço BSO para sistemas da Linha Protheus.,https://produtos.totvs.com/produto/servicos/sustentacao/reversao-de-codigos-fonte/,Reversão de Códigos Fonte|reversao de codigos fonte,sustentacao
Saneamento de Base - TOTVS Departamentos Jurídicos,saneamento-de-base-totvs-departamentos-juridicos,Sustentação,Gestão,"Conte com o serviço de Saneamento de Base do Delivery Center da TOTVS para organizar a base de processos de forma digital, o que facilita a consulta dos arquivos e mantém a integridade dos dados em seu sistema de gestão.",https://produtos.totvs.com/produto/servicos/sustentacao/saneamento-de-base-totvs-departamentos-juridicos/,Saneamento de Base - TOTVS Departamentos Jurídicos|Saneamento de Base|TOTVS Departamentos Jurídicos|saneamento de base totvs departamentos juridicos,sustentacao
Serviços Essenciais,servicos-essenciais,Sustentação,Gestão,"Os serviços essenciais de sustentação são mais do que um suporte de TI. É uma estrutura simplificada de sustentação para o ecossistema digital, que permite reduzir gargalos na operação, diminui o tempo de resposta e assegura o acesso a equipes de suporte altamente especializadas nas aplicações e infraestrutura em todos os módulos das linhas Protheus, Datasul e RM.",https://produtos.totvs.com/produto/servicos/sustentacao/servicos-essenciais/,Serviços Essenciais|servicos essenciais,sustentacao
Sustentação Segmentada - TOTVS Departamentos Jurídicos,sustentacao-segmentada-totvs-departamentos-juridicos,Sustentação,Gestão,Conte com o serviço de Sustentação Segmentada - TOTVS Departamentos Jurídicos para suporte tecnológico e assessoria funcional para o departamento jurídico da empresa.,https://produtos.totvs.com/produto/servicos/sustentacao/sustentacao-segmentada-totvs-departamentos-juridicos/,Sustentação Segmentada - TOTVS Departamentos Jurídicos|Sustentação Segmentada|TOTVS Departamentos Jurídicos|sustentacao segmentada totvs departamentos juridicos,sustentacao
TOTVS,totvs,TOTVS,Gestão,,https://produtos.totvs.com/produto/totvs/,,
TOTVS API Services,totvs-api-services,TOTVS API Services,Gestão,"O TOTVS API Services facilita o serviço de consulta automática à bases de dados externas. O sistema tem integração nativa com os produtos da TOTVS das linhas Protheus, Datasul e RM.",https://produtos.totvs.com/produto/totvs-api-services/,TOTVS API Services|API Services,
TOTVS Agendamentos,totvs-agendamentos,TOTVS Agendamentos,Gestão,"O TOTVS Agendamentos é um sistema para planejamento prévio de operações logísticas, que permite o rastreamento durante todo o processo, com registro do horário de chegada e saída dos caminhões e janelas operacionais adequadas para as demandas da sua empresa.",https://produtos.totvs.com/produto/totvs-agendamentos/,TOTVS Agendamentos|Agendamentos,
TOTVS Analytics,analytics,TOTVS Analytics,Gestão,"O TOTVS Analytics é um sistema de BI end-to-end, 100% mobile e com integração nativa com o banco de dados do seu sistema de gestão. A solução permite a criação de relatórios e dashboards dinâmicos e intuitivos, com atualização rápida dos dados e evolução histórica dos KPIs.",https://produtos.totvs.com/produto/analytics/,TOTVS Analytics|Analytics,
TOTVS Aprovações e Atendimento,aprovacoes-e-atendimento,TOTVS Aprovações e Atendimento,Gestão,"O TOTVS Aprovações e Atendimento é um sistema desenvolvido para a gestão de atendimento e aprovação, especialmente voltado para operações de atendimento ativo e receptivo. Com ele, você integra todos os fluxos de atendimento gerados nos módulos de produtos TOTVS da Linha RM.",https://produtos.totvs.com/produto/aprovacoes-e-atendimento/,TOTVS Aprovações e Atendimento|Aprovações e Atendimento|aprovacoes e atendimento,
TOTVS Assinatura Eletrônica,assinatura-eletronica,TOTVS Assinatura Eletrônica,Gestão,"O TOTVS Assinatura Eletrônica é uma plataforma centralizada para gestão e execução de assinaturas eletrônicas, que oferece total segurança e 100% de validade jurídica aos documentos.",https://produtos.totvs.com/produto/assinatura-eletronica/,TOTVS Assinatura Eletrônica|Assinatura Eletrônica|assinatura eletronica,
Classificador Fiscal by Busca.Legal,classificador-fiscal-by-busca-legal,TOTVS Backoffice,Gestão,Conte com a inteligência artificial de um chatbot tributário para automatizar a classificação fiscal e o cálculo de tributos para potencializar sua operação fiscal.,https://produtos.totvs.com/produto/totvs-backoffice/classificador-fiscal-by-busca-legal/,Classificador Fiscal by Busca.Legal|classificador fiscal by busca legal,totvs-backoffice
Classificação Tributária by Systax,classificacao-tributaria-by-systax,TOTVS Backoffice,Gestão,,https://produtos.totvs.com/produto/totvs-backoffice/classificacao-tributaria-by-systax/,Classificação Tributária by Systax|classificacao tributaria by systax,totvs-backoffice
Gestão de Receitas,gestao-de-receitas,TOTVS Backoffice,Gestão,O TOTVS Gestão de Receitas é um sistema completo para gerenciar a venda recorrente de produtos e serviços.,https://produtos.totvs.com/produto/totvs-backoffice/gestao-de-receitas/,Gestão de Receitas|gestao de receitas,totvs-backoffice
TOTVS Automação de Testes - Linha RM,totvs-automacao-de-testes-linha-rm,TOTVS Backoffice,Gestão,,https://produtos.totvs.com/produto/totvs-backoffice/totvs-automacao-de-testes-linha-rm/,TOTVS Automação de Testes - Linha RM|Automação de Testes - Linha RM|Automação de Testes|totvs automacao de testes linha rm,totvs-backoffice
TOTVS Backoffice,totvs-backoffice,TOTVS Backoffice,Gestão,Os produtos TOTVS estão em constante evolução para transpor desafios e acompanhar cada etapa da jornada digital da sua empresa.,https://produtos.totvs.com/produto/totvs-backoffice/,TOTVS Backoffice|Backoffice,
TOTVS Backoffice - Linha Datasul,totvs-backoffice-linha-datasul,TOTVS Backoffice,Gestão,"O TOTVS Backoffice - linha Datasul é um ERP versátil, com módulos flexíveis, especialmente eficientes para atender as demandas de empresas dos setores de manufatura, logística, saúde e agronegócio; e com integração perfeita com as soluções especialistas linha Datasul para esses segmentos.",https://produtos.totvs.com/produto/totvs-backoffice/totvs-backoffice-linha-datasul/,TOTVS Backoffice - Linha Datasul|Backoffice - Linha Datasul|totvs backoffice linha datasul|Datasul|Linha Datasul,totvs-backoffice
TOTVS Backoffice - Linha Logix,totvs-backoffice-linha-logix,TOTVS Backoffice,Gestão,"O TOTVS Backoffice - Linha Logix é um ERP flexível, de padrão global, que atende todas as necessidades da retaguarda administrativa da sua empresa, e ainda possui integração nativa com as soluções especialistas da linha Logix e outras linhas de produtos da TOTVS.",https://produtos.totvs.com/produto/totvs-backoffice/totvs-backoffice-linha-logix/,TOTVS Backoffice - Linha Logix|Backoffice - Linha Logix|totvs backoffice linha logix|Logix|Linha Logix,totvs-backoffice
TOTVS Backoffice - Linha Protheus,totvs-backoffice-linha-protheus,TOTVS Backoffice,Gestão,"O TOTVS Backoffice - Linha Protheus é uma poderosa ferramenta integrada de gestão. Robusto e flexível ao mesmo tempo, é composto por módulos que cobrem todas as operações de backoffice da sua empresa, além de permitir a integração com soluções especialistas para os mais diversos segmentos.",https://produtos.totvs.com/produto/totvs-backoffice/totvs-backoffice-linha-protheus/,TOTVS Backoffice - Linha Protheus|Backoffice - Linha Protheus|totvs backoffice linha protheus|Protheus|Microsiga|Linha Protheus,totvs-backoffice
TOTVS Backoffice - Linha Protheus LATAM,totvs-backoffice-linha-protheus-latam,TOTVS Backoffice,Gestão,"Protheus de TOTVS es la principal tarjeta de presentación de la empresa líder en sistemas ERP en América Latina. Y no es por casualidad. Con él, usted tiene una poderosa herramienta integrada de gestión, con una gama completa de módulos para el back office de su empresa, además de soluciones especializadas para los más diversos segmentos.",https://produtos.totvs.com/produto/totvs-backoffice/totvs-backoffice-linha-protheus-latam/,TOTVS Backoffice - Linha Protheus LATAM|Backoffice - Linha Protheus LATAM|totvs backoffice linha protheus latam,totvs-backoffice
TOTVS Backoffice - Linha RM,totvs-backoffice-linha-rm,TOTVS Backoffice,Gestão,"O TOTVS Backoffice - Linha RM é uma solução completa para gestão da sua empresa. Sempre pronta para se adaptar às novas realidades do mercado, é versátil, capaz de atender as necessidades de organizações de todos os portes nos mais diferentes setores.",https://produtos.totvs.com/produto/totvs-backoffice/totvs-backoffice-linha-rm/,TOTVS Backoffice - Linha RM|Backoffice - Linha RM|totvs backoffice linha rm|RM|Linha RM,totvs-backoffice
TOTVS Central do Cliente,totvs-central-do-cliente,TOTVS Backoffice,Gestão,,https://produtos.totvs.com/produto/totvs-backoffice/totvs-central-do-cliente/,TOTVS Central do Cliente|Central do Cliente,totvs-backoffice
TOTVS Conector - Linha Gesplan,conector-linha-gesplan,TOTVS Backoffice,Gestão,"O TOTVS Conector - Linha Gesplan é um orquestrador de integrações, que traduz a linguagem de um sistema para outro, 100% no-code, sem necessidade de programação.",https://produtos.totvs.com/produto/totvs-backoffice/conector-linha-gesplan/,TOTVS Conector - Linha Gesplan|Conector - Linha Gesplan|Conector|Linha Gesplan|conector linha gesplan,totvs-backoffice
TOTVS Gestão Financeira - Linha Gesplan,gestao-financeira-linha-gesplan,TOTVS Backoffice,Gestão,"Sistema formado por um conjunto de módulos que permite centralizar o seu controle de Tesouraria, Operações Financeiras, contratos de arrendamento e cláusulas financeiras, operacionais, estatutárias e ambientais nos contratos da sua empresa.",https://produtos.totvs.com/produto/totvs-backoffice/gestao-financeira-linha-gesplan/,TOTVS Gestão Financeira - Linha Gesplan|Gestão Financeira - Linha Gesplan|Gestão Financeira|Linha Gesplan|gestao financeira linha gesplan,totvs-backoffice
TOTVS Portal de Vendas,portal-de-vendas,TOTVS Backoffice,Gestão,,https://produtos.totvs.com/produto/totvs-backoffice/portal-de-vendas/,TOTVS Portal de Vendas|Portal de Vendas,totvs-backoffice
TOTVS Transmite,totvs-transmite,TOTVS Backoffice,Gestão,O TOTVS Transmite é uma solução complementar ao módulo Transmissão de Documentos Eletrônicos (antigo TSS) dos ERPs TOTVS da linha Protheus. Com a ferramenta você otimiza toda a gestão e armazenamento de documentos fiscais eletrônicos da sua empresa.,https://produtos.totvs.com/produto/totvs-backoffice/totvs-transmite/,TOTVS Transmite|Transmite,totvs-backoffice
TOTVS Business Agility,totvs-business-agility,TOTVS Business Agility,Gestão,,https://produtos.totvs.com/produto/totvs-business-agility/,TOTVS Business Agility|Business Agility,
Meu CRM,meu-crm,TOTVS CRM,Gestão,,https://produtos.totvs.com/produto/totvs-crm/meu-crm/,Meu CRM,totvs-crm
TOTVS CRM,totvs-crm,TOTVS CRM,Gestão,Os produtos TOTVS estão em constante evolução para transpor desafios e acompanhar cada etapa da jornada digital da sua empresa.,https://produtos.totvs.com/produto/totvs-crm/,TOTVS CRM|CRM,
TOTVS CRM Gestão de Clientes,totvs-crm-gestao-de-clientes,TOTVS CRM,Gestão,"O TOTVS CRM Gestão de Clientes é um sistema completo de gestão de relacionamento, com dados que permite explorar todas as oportunidades e contatos possíveis, além de automatizar processos e oferecer insumos para uma atuação mais estratégica e inteligente dos times.",https://produtos.totvs.com/produto/totvs-crm/totvs-crm-gestao-de-clientes/,TOTVS CRM Gestão de Clientes|CRM Gestão de Clientes|totvs crm gestao de clientes,totvs-crm
TOTVS SFA,totvs-sfa,TOTVS CRM,Gestão,"O TOTVS SFA é um sistema de automação de força de vendas, capaz de atender desde empresas de pequeno e médio porte até gigantes multinacionais. Com ele, você gerencia sua carteira de clientes, controla agendas, rotas de visitas, atendimentos e visitas aos clientes, entre outros processos fundamentais para sua atividade comercial.",https://produtos.totvs.com/produto/totvs-crm/totvs-sfa/,TOTVS SFA|SFA,totvs-crm
TOTVS Carol Assistente,totvs-carol-assistente,TOTVS Carol Assistente,Gestão,"O TOTVS Carol Assistente é uma aplicação nativa da plataforma de Inteligência Artificial da TOTVS, e que pode ser acionada a partir de qualquer plataforma web. Com isso, você tem acesso a um chatbot inteligente, equipado com processamento de linguagem natural e machine learning.",https://produtos.totvs.com/produto/totvs-carol-assistente/,TOTVS Carol Assistente|Carol Assistente,
TOTVS Carol Painel Backoffice,totvs-carol-painel-backoffice,TOTVS Carol Painel Backoffice,Gestão,Utilize Inteligência Artificial para acessar projeções precisas e variações inesperadas nas suas rotinas contábil e de compras.,https://produtos.totvs.com/produto/totvs-carol-painel-backoffice/,TOTVS Carol Painel Backoffice|Carol Painel Backoffice,
TOTVS Checklist,totvs-checklist,TOTVS Checklist,Gestão,"O TOTVS Checklist é uma solução desenvolvida para acompanhamento de tarefas passo a passo nas mais diferentes atividades e em setores como Agro, Manufatura, Distribuição, Logística entre outros.",https://produtos.totvs.com/produto/totvs-checklist/,TOTVS Checklist|Checklist,
TOTVS Checklist,checklist,TOTVS Checklist,Gestão,"Dê adeus à prancheta e aos controles manuais e conte com o TOTVS Checklist para realizar vistorias com tecnologia móvel, fazer registros visuais e gerar dados estruturados.",https://produtos.totvs.com/produto/totvs-checklist/checklist/,TOTVS Checklist|Checklist,totvs-checklist
IaaS,iaas,TOTVS Cloud,Gestão,"Tecnologia de infraestrutura de nuvem com zonas de disponibilidade exclusivas, alto desempenho e baixa latência.",https://produtos.totvs.com/produto/totvs-cloud/iaas/,IaaS,totvs-cloud
Meu T-Cloud,meu-t-cloud,TOTVS Cloud,Gestão,,https://produtos.totvs.com/produto/totvs-cloud/meu-t-cloud/,Meu T-Cloud|meu t cloud,totvs-cloud
PaaS,paas,TOTVS Cloud,Gestão,"TOTVS Cloud no modelo PaaS é a solução completa de nuvem, exclusiva para clientes TOTVS . Com ela você cuida da carga de dados dos produtos e da aplicação TOTVS por meio da plataforma T-Cloud.",https://produtos.totvs.com/produto/totvs-cloud/paas/,PaaS,totvs-cloud
TOTVS Cloud,totvs-cloud,TOTVS Cloud,Gestão,,https://produtos.totvs.com/produto/totvs-cloud/,TOTVS Cloud|Cloud,
TOTVS Coleta e Entrega,totvs-coleta-e-entrega,TOTVS Coleta e Entrega,Gestão,"O TOTVS Coleta e Entrega é um sistema modelado para atender a demanda do transporte na Última ou na Primeira Milha, que representam parte importante do custo de transporte das empresas. Com ele, você acompanha em tempo real tudo que está acontecendo na execução das tarefas na rua.",https://produtos.totvs.com/produto/totvs-coleta-e-entrega/,TOTVS Coleta e Entrega|Coleta e Entrega,
Consultoria de Compliance,consultoria-de-compliance,TOTVS Consulting,Gestão,"A Consultoria em Compliance da TOTVS Consulting garante que sua empresa adapte processos para atender obrigações legais em relação à Lei Geral de Proteção de Dados e organizar uma política de Sustentabilidade nas áreas social, ambiental e de governança.",https://produtos.totvs.com/produto/totvs-consulting/consultoria-de-compliance/,Consultoria de Compliance,totvs-consulting
Consultoria de Pessoas,consultoria-de-pessoas,TOTVS Consulting,Gestão,"A Consultoria de Pessoas realiza uma análise detalhada das Pessoas, Processos e Tecnologia na empresa para identificar gaps e oportunidades de melhoria.",https://produtos.totvs.com/produto/totvs-consulting/consultoria-de-pessoas/,Consultoria de Pessoas,totvs-consulting
Consultoria de Supply Chain,consultoria-de-supply-chain,TOTVS Consulting,Gestão,,https://produtos.totvs.com/produto/totvs-consulting/consultoria-de-supply-chain/,Consultoria de Supply Chain,totvs-consulting
Consultoria de Supply Chain,consultoria-de-supply-chain-totvs-consulting,TOTVS Consulting,Gestão,Conte com a Consultoria de Supply Chain da TOTVS Consulting para realizar a melhoria na cadeia de suprimentos da sua empresa.,https://produtos.totvs.com/produto/totvs-consulting/consultoria-de-supply-chain-totvs-consulting/,Consultoria de Supply Chain|consultoria de supply chain totvs consulting,totvs-consulting
Consultoria para Transformação Digital,consultoria-para-transformacao-digital,TOTVS Consulting,Gestão,A Consultoria em Transformação Digital faz uma radiografia completa da sua empresa e do segmento em que ela atua para identificar as tendências de negócio que terão mais impacto na sua cadeia de valor e quais tecnologias permitem acompanhá-las.,https://produtos.totvs.com/produto/totvs-consulting/consultoria-para-transformacao-digital/,Consultoria para Transformação Digital|consultoria para transformacao digital,totvs-consulting
Consultoria Tecnológica,consultoria-tecnologica,TOTVS Consulting,Gestão,A Consultoria Tecnológica identifica as melhores soluções para o seu negócio e garante o uso eficiente de tecnologias.,https://produtos.totvs.com/produto/totvs-consulting/consultoria-tecnologica/,Consultoria Tecnológica|consultoria tecnologica,totvs-consulting
CSC,csc,TOTVS Consulting,Gestão,"O CSC (Centro de Serviços Compartilhados) implementado pela TOTVS Consulting permite otimizar processos e aumentar a produtividade da sua empresa por meio da integração de serviços, tarefas e departamentos.",https://produtos.totvs.com/produto/totvs-consulting/csc/,CSC,totvs-consulting
Desempenho Empresarial,desempenho-empresarial,TOTVS Consulting,Gestão,"A Consultoria de Desempenho Empresarial da TOTVS Consulting é um pacote de serviços voltado para a melhoria de performance da sua empresa, nos mais diferentes aspectos do seu negócio.",https://produtos.totvs.com/produto/totvs-consulting/desempenho-empresarial/,Desempenho Empresarial,totvs-consulting
Gestão de Processos,gestao-de-processos,TOTVS Consulting,Gestão,"Conte com o serviço de Consultoria de Gestão de Processos , da TOTVS Consulting, para identificar os gaps que sua empresa deve superar para atingir seus objetivos estratégicos e as oportunidades de melhoria nos processos de rotina.",https://produtos.totvs.com/produto/totvs-consulting/gestao-de-processos/,Gestão de Processos|gestao de processos,totvs-consulting
TOTVS Consulting,totvs-consulting,TOTVS Consulting,Gestão,,https://produtos.totvs.com/produto/totvs-consulting/,TOTVS Consulting|Consulting,
Avaliações by Prova Fácil,avaliacoes-by-prova-facil,TOTVS Educacional,Gestão,"O Avaliações by Prova Fácil é um sistema de gestão de provas e processos de avaliação. Com ele, você automatiza todas as etapas e ganha agilidade e segurança na aplicação de provas.",https://produtos.totvs.com/produto/educacional/avaliacoes-by-prova-facil/,Avaliações by Prova Fácil|avaliacoes by prova facil,educacional
Captação de Alunos by Rubeus,captacao-de-alunos-by-rubeus,TOTVS Educacional,Gestão,"O Captação de Alunos by Rubeus é uma plataforma que centraliza toda a gestão de automação de marketing, captação de alunos e gestão de permanência na sua instituição de ensino. O sistema possui integração nativa com o TOTVS Educacional.",https://produtos.totvs.com/produto/educacional/captacao-de-alunos-by-rubeus/,Captação de Alunos by Rubeus|captacao de alunos by rubeus,educacional
Dashboards by Foreducation EdTech,dashboards-by-foreducation-edtech,TOTVS Educacional,Gestão,"O Dashboards by Foreducation EdTech possibilita uma visão completa de indicadores da operação de Ensino a Distância, através de uma integração da plataforma Google Classroom ao sistema de gestão TOTVS Educacional.",https://produtos.totvs.com/produto/educacional/dashboards-by-foreducation-edtech/,Dashboards by Foreducation EdTech,educacional
Integrador Classroom by Foreducation EdTech,integrado-classroom-by-foreducation-edtech,TOTVS Educacional,Gestão,O Integrador Classroom by Foreducation EdTech é um sistema de integração criado para conectar o sistema de gestão TOTVS Educacional à plataforma do Google Classroom. A solução sincroniza automaticamente todas as atividades realizadas na plataforma ao ERP educacional.,https://produtos.totvs.com/produto/educacional/integrado-classroom-by-foreducation-edtech/,Integrador Classroom by Foreducation EdTech|integrado classroom by foreducation edtech,educacional
Plataforma de Aprendizagem by Foreducation EdTech,plataforma-de-aprendizagem-by-foreducation-edtech,TOTVS Educacional,Gestão,A Plataforma de Aprendizagem by Foreducation EdTech oferece flexibilidade para aplicar trilhas de aprendizagem multimídia na plataforma Google Classroom. É um sistema totalmente integrado ao TOTVS Educacional.,https://produtos.totvs.com/produto/educacional/plataforma-de-aprendizagem-by-foreducation-edtech/,Plataforma de Aprendizagem by Foreducation EdTech,educacional
Saída Inteligente by School Guardian,saida-inteligente-by-school-guardian,TOTVS Educacional,Gestão,"O Saída Inteligente by School Guardian é uma plataforma de logística escolar que possibilita organização do fluxo de entrada e saída de alunos. A plataforma está disponível para celulares Android e iOS, e tem integração nativa com o TOTVS Educacional.",https://produtos.totvs.com/produto/educacional/saida-inteligente-by-school-guardian/,Saída Inteligente by School Guardian|saida inteligente by school guardian,educacional
Secretaria Digital by doc.Xpress,secretaria-digital-by-doc-xpress,TOTVS Educacional,Gestão,O Secretaria Digital by doc.Xpress é um sistema de gerenciamento de documentos acadêmicos para instituições de ensino de todos os tamanhos. A solução segue as diretrizes do Ministério da Educação para digitalização de secretaria acadêmica e é integrada de forma nativa com o TOTVS Educacional.,https://produtos.totvs.com/produto/educacional/secretaria-digital-by-doc-xpress/,Secretaria Digital by doc.Xpress|secretaria digital by doc xpress,educacional
TOTVS Educacional,educacional,TOTVS Educacional,Gestão,"O TOTVS Educacional é uma solução desenvolvida para a gestão educacional, do ensino básico ao ensino superior, e que atende também o segmento de educação continuada. Com ele, você faz a gestão da sua instituição de ensino, automatiza processos e fortalece o relacionamento com os alunos e a comunidade acadêmica.",https://produtos.totvs.com/produto/educacional/,TOTVS Educacional|Educacional,
Gestão de Cadastros by EZ4,gestao-de-cadastros-by-ez4,TOTVS Fluig,Gestão,,https://produtos.totvs.com/produto/totvs-fluig/gestao-de-cadastros-by-ez4/,Gestão de Cadastros by EZ4|gestao de cadastros by ez4,totvs-fluig
Gestão de Processos e Atividades by Xplanning,gestao-de-processos-e-atividades-by-xplanning,TOTVS Fluig,Gestão,,https://produtos.totvs.com/produto/totvs-fluig/gestao-de-processos-e-atividades-by-xplanning/,Gestão de Processos e Atividades by Xplanning|gestao de processos e atividades by xplanning,totvs-fluig
OCR by Estrela Antares,ocr-by-estrela-antares,TOTVS Fluig,Gestão,Conte com um sistema de digitalização e leitura ótica de documentos para transformar arquivos de papel no seu acervo para o formato digital.,https://produtos.totvs.com/produto/totvs-fluig/ocr-by-estrela-antares/,OCR by Estrela Antares,totvs-fluig
Process Mining by Upflux,process-mining-by-upflux,TOTVS Fluig,Gestão,,https://produtos.totvs.com/produto/totvs-fluig/process-mining-by-upflux/,Process Mining by Upflux,totvs-fluig
Public Form by Digte,public-form-by-digte,TOTVS Fluig,Gestão,"Com o Public Form by Digte é possível criar um balcão em seu ambiente virtual, no qual clientes, fornecedores e outros parceiros podem ter acesso aos processos da sua empresa, por meio de formulários do TOTVS Fluig.",https://produtos.totvs.com/produto/totvs-fluig/public-form-by-digte/,Public Form by Digte,totvs-fluig
TOTVS Fluig,totvs-fluig,TOTVS Fluig,Gestão,"O TOTVS Fluig é um sistema de produtividade e colaboração integrado, que permite a criação e a viabilização dos projetos de inovação da sua empresa independente do seu legado. Com o TOTVS Fluig, sua empresa unifica processos, pessoas e sistemas em uma experiência mais fluida e intuitiva.",https://produtos.totvs.com/produto/totvs-fluig/,TOTVS Fluig|Fluig,
TOTVS Fluig,totvs-fluig-plataforma,TOTVS Fluig,Gestão,"Tenha uma plataforma capaz de integrar todas as suas soluções de tecnologia em um único lugar, de forma simples, ágil e intuitiva, otimizando seus recursos tecnológicos, facilitando a criação de novas aplicações para seu negócio, simplificando a rotina e proporcionando uma experiência de usuário mais fluida.",https://produtos.totvs.com/produto/totvs-fluig/totvs-fluig-plataforma/,TOTVS Fluig|totvs fluig plataforma,totvs-fluig
TOTVS Identity,totvs-identity,TOTVS Fluig,Gestão,"O TOTVS Identity é uma ferramenta que permite o gerenciamento centralizado de login e senha de acesso dos usuários aos sistemas da sua empresa. Com ele, o processo se torna mais seguro, eficiente, e a experiência de uso mais ágil.",https://produtos.totvs.com/produto/totvs-fluig/totvs-identity/,TOTVS Identity|Identity,totvs-fluig
TOTVS Frete Embarcador,frete-embarcador,TOTVS Frete Embarcador,Gestão,"O TOTVS Frete Embarcador é uma solução de gestão especialista voltada para empresas que contratam serviços de movimentação de cargas, capaz de atender necessidades nos mais diferentes segmentos, do agronegócio ao varejo.",https://produtos.totvs.com/produto/frete-embarcador/,TOTVS Frete Embarcador|Frete Embarcador,
TOTVS Gestão de Frotas,totvs-gestao-de-frotas,TOTVS Gestão de Frotas,Gestão,"O TOTVS Gestão de Frotas é um sistema completo, desenvolvido pela NG Informática, para o planejamento e controle de frotas. Em parceria com a TOTVS, o sistema proporciona um controle efetivo de abastecimentos e gestão de pneus e gerencia o planejamento e execução de manutenções preventivas e corretivas.",https://produtos.totvs.com/produto/totvs-gestao-de-frotas/,TOTVS Gestão de Frotas|Gestão de Frotas|totvs gestao de frotas,
TOTVS Hotelaria Backoffice - Linha CMNET,totvs-hotelaria-backoffice-linha-cmnet,TOTVS Hotelaria Backoffice - Linha CMNET,Gestão,"O sistema TOTVS Hotelaria Backoffice – Linha CMNET é uma solução de retaguarda administrativa desenvolvida especialmente para o segmento de Hotelaria. Com ela, você atende todas as suas demandas de gestão fiscal, contábil e financeira, de forma automática, entre outros processos fundamentais para o seu negócio.",https://produtos.totvs.com/produto/totvs-hotelaria-backoffice-linha-cmnet/,TOTVS Hotelaria Backoffice - Linha CMNET|Hotelaria Backoffice - Linha CMNET|Hotelaria Backoffice|Linha CMNET|totvs hotelaria backoffice linha cmnet,
TOTVS Inteligência Tributária,inteligencia-tributaria,TOTVS Inteligência Tributária,Gestão,,https://produtos.totvs.com/produto/inteligencia-tributaria/,TOTVS Inteligência Tributária|Inteligência Tributária|inteligencia tributaria,
TOTVS Marketplace Logístico,totvs-marketplace-logistico,TOTVS Marketplace Logístico,Gestão,"Conte com um ambiente digital colaborativo em que as diversas empresas envolvidas na cadeia de supply chain interagem, trocam informações e fazem negócios.",https://produtos.totvs.com/produto/totvs-marketplace-logistico/,TOTVS Marketplace Logístico|Marketplace Logístico|totvs marketplace logistico,
TOTVS Moda,totvs-moda,TOTVS Moda,Gestão,"O TOTVS Moda é uma solução especialista da TOTVS para a cadeia da produção têxtil. Trata-se de um sistema robusto, capaz de atender a demanda das empresas em todas as etapas da cadeia, da tecelagem à comercialização.",https://produtos.totvs.com/produto/totvs-moda/,TOTVS Moda|Moda,
TOTVS OMS,totvs-oms,TOTVS OMS,Gestão,"O TOTVS OMS é um sistema de gestão de distribuição (Order Management System), desenvolvido para o gerenciamento dos pedidos de vendas distribuídos por sua empresa.",https://produtos.totvs.com/produto/totvs-oms/,TOTVS OMS|OMS,
TOTVS Omni by Moddo,totvs-omni-by-moddo,TOTVS Omni by Moddo,Gestão,"O TOTVS Omni by Moddo é uma plataforma de gestão de ommnichannel para o varejo. Trata-se de um sistema OMS (Order Management System), que permite a gestão de diversas variáveis da operação varejista em múltiplos canais.",https://produtos.totvs.com/produto/totvs-omni-by-moddo/,TOTVS Omni by Moddo|Omni by Moddo,
TOTVS Operações e Monitoramento,totvs-operacoes-e-monitoramento,TOTVS Operações e Monitoramento,Gestão,"Conte com uma solução que permite o acompanhamento automático de desempenho, disponibilidade de sistemas e funcionamento dos recursos de tecnologia nas lojas, pontos de vendas e em empresas de qualquer setor varejista.",https://produtos.totvs.com/produto/totvs-operacoes-e-monitoramento/,TOTVS Operações e Monitoramento|Operações e Monitoramento|totvs operacoes e monitoramento,
TOTVS Otimização Logística,totvs-otimizacao-logistica,TOTVS Otimização Logística,Gestão,"O TOTVS Otimização Logística é uma ferramenta capaz de atender com eficiência operações logísticas de qualquer porte e que permite a gestão completa de todo o processo de coleta e entrega de encomendas, colaborando para a redução de tempo e de custos.",https://produtos.totvs.com/produto/totvs-otimizacao-logistica/,TOTVS Otimização Logística|Otimização Logística|totvs otimizacao logistica,
TOTVS Pagamento Cartão,totvs-pagamento-cartao,TOTVS Pagamento Cartão,Gestão,"O TOTVS Pagamento Cartão é um sistema de gestão de pagamentos por cartão de crédito, de qualquer bandeira disponível no mercado. Com ele, você pode operar de forma fácil e segura.",https://produtos.totvs.com/produto/totvs-pagamento-cartao/,TOTVS Pagamento Cartão|Pagamento Cartão|totvs pagamento cartao,
TOTVS Painel Financeiro,painel-financeiro,TOTVS Painel Financeiro,Gestão,"O TOTVS Painel Financeiro é um sistema que concentra, em um só local, todos os dados financeiros dos diferentes módulos de seu backoffice, oferecendo uma visão completa de todo o controle de fluxo de caixa e indicadores de tesouraria da sua empresa.",https://produtos.totvs.com/produto/painel-financeiro/,TOTVS Painel Financeiro|Painel Financeiro,
TOTVS Performance e Gestão,totvs-performance-e-gestao,TOTVS Performance e Gestão,Gestão,"O TOTVS Performance e Gestão é uma solução de auditoria que garante as melhores práticas no uso do ERP, com ela é possível reduzir perdas e aproveitar ao máximo as vantagens oferecidas pelo sistema de gestão.",https://produtos.totvs.com/produto/totvs-performance-e-gestao/,TOTVS Performance e Gestão|Performance e Gestão|totvs performance e gestao,
TOTVS Pesagem,totvs-pesagem,TOTVS Pesagem,Gestão,"O TOTVS Pesagem é uma solução de automação de pesagem com capacidade de integração a diferentes modelos de balanças, semáforos, displays e impressoras. Com ela, você automatiza todos os processos, desde a chegada dos caminhões até a liberação da carga.",https://produtos.totvs.com/produto/totvs-pesagem/,TOTVS Pesagem|Pesagem,
TOTVS Planejamento de Rotas,totvs-planejamento-de-rotas,TOTVS Planejamento de Rotas,Gestão,Conte com o TOTVS Planejamento de Rotas para automatizar o desenho das rotas a partir dos dados de pedidos previstos e registrados em seu ERP.,https://produtos.totvs.com/produto/totvs-planejamento-de-rotas/,TOTVS Planejamento de Rotas|Planejamento de Rotas,
TOTVS Processos Fiscais,processos-fiscais,TOTVS Processos Fiscais,Gestão,"O TOTVS Processos Fiscais é uma ferramenta on-line de custódia de documentos fiscais eletrônicos. Com ela, você mantém e gerencia a guarda desses documentos em nuvem, pelo tempo determinado por lei, mantendo sua empresa com 100% de compliance fiscal.",https://produtos.totvs.com/produto/processos-fiscais/,TOTVS Processos Fiscais|Processos Fiscais,
Acesso e Segurança by Suricato,acesso-e-seguranca-by-suricato,TOTVS RH,Gestão,"Conte com o Acesso e Segurança by Suricato para automatizar a gestão de pontos de acessos de pessoas e veículos. A ferramenta é integrada aos sistemas de gestão TOTVS RH das linhas Protheus, Datasul e RM.",https://produtos.totvs.com/produto/totvs-rh/acesso-e-seguranca-by-suricato/,Acesso e Segurança by Suricato|acesso e seguranca by suricato,totvs-rh
App Meu RH,app-meu-rh,TOTVS RH,Gestão,"As pessoas são um dos ativos mais importantes de qualquer empresa e a gestão estratégica do RH é um diferencial competitivo. Para que isso aconteça, é preciso descentralizar os processos de Recursos Humanos, eliminar as tarefas burocráticas e otimizar a equipe de RH.",https://produtos.totvs.com/produto/totvs-rh/app-meu-rh/,App Meu RH,totvs-rh
Atração de Talentos - Linha Feedz,atracao-de-talentos-linha-feedz,TOTVS RH,Gestão,Roadmap – TOTVS RH Atração de Talentos – Linha Feedz,https://produtos.totvs.com/produto/totvs-rh/atracao-de-talentos-linha-feedz/,Atração de Talentos - Linha Feedz|Atração de Talentos|Linha Feedz|atracao de talentos linha feedz,totvs-rh
Avaliação de Desempenho - Linha Feedz,avaliacao-de-desempenho-linha-feedz,TOTVS RH,Gestão,Roadmap – TOTVS RH Avaliação de Desempenho – Linha Feedz,https://produtos.totvs.com/produto/totvs-rh/avaliacao-de-desempenho-linha-feedz/,Avaliação de Desempenho - Linha Feedz|Avaliação de Desempenho|Linha Feedz|avaliacao de desempenho linha feedz,totvs-rh
Benefícios Flexíveis by Swile,beneficios-flexiveis-by-swile,TOTVS RH,Gestão,Conte com o sistema para criar programas de premiação e benefícios com alta flexibilidade para os funcionários da sua empresa.,https://produtos.totvs.com/produto/totvs-rh/beneficios-flexiveis-by-swile/,Benefícios Flexíveis by Swile|beneficios flexiveis by swile,totvs-rh
Clima e Engajamento - Linha Feedz,clima-e-engajamento-linha-feedz,TOTVS RH,Gestão,Roadmap – TOTVS RH Clima e Engajamento – Linha Feedz,https://produtos.totvs.com/produto/totvs-rh/clima-e-engajamento-linha-feedz/,Clima e Engajamento - Linha Feedz|Clima e Engajamento|Linha Feedz|clima e engajamento linha feedz,totvs-rh
Departamento Pessoal - Linha Feedz,departamento-pessoal-linha-feedz,TOTVS RH,Gestão,Roadmap – TOTVS RH Departamento Pessoal – Linha Feedz,https://produtos.totvs.com/produto/totvs-rh/departamento-pessoal-linha-feedz/,Departamento Pessoal - Linha Feedz|Departamento Pessoal|Linha Feedz|departamento pessoal linha feedz,totvs-rh
Digital Workplace by Digte,digital-workplace-by-digte,TOTVS RH,Gestão,"Transforme o TOTVS Fluig em uma intranet interativa, com ferramentas que centralizam a comunicação e potencializam a colaboração e o engajamento na sua empresa.",https://produtos.totvs.com/produto/totvs-rh/digital-workplace-by-digte/,Digital Workplace by Digte,totvs-rh
LMS + LXP by Afferolab,lms-lxp-by-afferolab,TOTVS RH,Gestão,"Conte com o LMS + LXP by Afferolab, um Learning Management System completo e robusto, para atender todas as necessidades de gestão e secretaria on-line dos programas e instituições educacionais corporativas.",https://produtos.totvs.com/produto/totvs-rh/lms-lxp-by-afferolab/,LMS + LXP by Afferolab|lms lxp by afferolab,totvs-rh
Metas e Objetivos - Linha Feedz,metas-e-objetivos-linha-feedz,TOTVS RH,Gestão,Roadmap – TOTVS RH Metas e Objetivos (OKR) – Linha Feedz,https://produtos.totvs.com/produto/totvs-rh/metas-e-objetivos-linha-feedz/,Metas e Objetivos - Linha Feedz|Metas e Objetivos|Linha Feedz|metas e objetivos linha feedz,totvs-rh
Saúde e Segurança do Trabalho by NG,saude-e-seguranca-do-trabalho-by-ng,TOTVS RH,Gestão,"O Saúde e Segurança do Trabalho by NG simplifica a gestão e automatiza as rotinas administrativas e operacionais nas áreas de Saúde e Segurança do Trabalho. Na prática, o sistema permite integrar o Gerenciamento de Riscos Ambientais e o Programa de Controle Médico de Saúde Ocupacional (PCMSO).",https://produtos.totvs.com/produto/totvs-rh/saude-e-seguranca-do-trabalho-by-ng/,Saúde e Segurança do Trabalho by NG|saude e seguranca do trabalho by ng,totvs-rh
TOTVS RH,totvs-rh,TOTVS RH,Gestão,Os produtos TOTVS estão em constante evolução para transpor desafios e acompanhar cada etapa da jornada digital da sua empresa.,https://produtos.totvs.com/produto/totvs-rh/,TOTVS RH|RH,
TOTVS RH Admissão Digital,admissao-digital,TOTVS RH,Gestão,"O TOTVS RH Admissão Digital é um sistema para gestão de admissão de funcionários e possui integração nativa com o módulo de folha de pagamento dos sistemas TOTVS RH das linhas Protheus, Datasul e RM. Com a solução você automatiza todas as etapas da rotina de admissão e simplifica processos.",https://produtos.totvs.com/produto/totvs-rh/admissao-digital/,TOTVS RH Admissão Digital|RH Admissão Digital|admissao digital,totvs-rh
TOTVS RH Atração de Talentos,atracao-de-talentos,TOTVS RH,Gestão,"O TOTVS RH Atração de Talentos foi desenvolvido para dar mais assertividade e eficiência ao processo de recrutamento e seleção, em qualquer área ou segmento de negócios. Com ele, você cria e publica vagas, recebe currículos, facilita o acesso dos candidatos à empresa e gerencia o processo de forma personalizada",https://produtos.totvs.com/produto/totvs-rh/atracao-de-talentos/,TOTVS RH Atração de Talentos|RH Atração de Talentos|atracao de talentos,totvs-rh
TOTVS RH Avaliação de Desempenho,avaliacao-de-desempenho,TOTVS RH,Gestão,Roadmap – TOTVS RH Avaliação de Desempenho,https://produtos.totvs.com/produto/totvs-rh/avaliacao-de-desempenho/,TOTVS RH Avaliação de Desempenho|RH Avaliação de Desempenho|avaliacao de desempenho,totvs-rh
TOTVS RH Clima e Engajamento,clima-e-engajamento,TOTVS RH,Gestão,"O sistema permite a você estar mais próximo dos colaboradores e conectá-los em uma só plataforma para estimular a comunicação, a colaboração e o engajamento entre eles.",https://produtos.totvs.com/produto/totvs-rh/clima-e-engajamento/,TOTVS RH Clima e Engajamento|RH Clima e Engajamento|clima e engajamento,totvs-rh
TOTVS RH Clock In,totvs-rh-clock-in,TOTVS RH,Gestão,"O TOTVS RH Clock In é uma solução mobile completa de controle de ponto, que incorpora tecnologia de Inteligência Artificial, para dar muito mais segurança e assertividade no processo de gestão de ponto na sua empresa.",https://produtos.totvs.com/produto/totvs-rh/totvs-rh-clock-in/,TOTVS RH Clock In|RH Clock In,totvs-rh
TOTVS RH Folha de Pagamento - Linha Datasul,folha-de-pagamento-linha-datasul,TOTVS RH,Gestão,Roadmap – TOTVS RH Folha de Pagamento – Linha Datasul,https://produtos.totvs.com/produto/totvs-rh/folha-de-pagamento-linha-datasul/,TOTVS RH Folha de Pagamento - Linha Datasul|RH Folha de Pagamento - Linha Datasul|RH Folha de Pagamento|folha de pagamento linha datasul,totvs-rh
TOTVS RH Folha de Pagamento - Linha Protheus,folha-de-pagamento-linha-protheus,TOTVS RH,Gestão,Roadmap – TOTVS RH Folha de Pagamento – Linha Protheus,https://produtos.totvs.com/produto/totvs-rh/folha-de-pagamento-linha-protheus/,TOTVS RH Folha de Pagamento - Linha Protheus|RH Folha de Pagamento - Linha Protheus|RH Folha de Pagamento|folha de pagamento linha protheus,totvs-rh
TOTVS RH Folha de Pagamento - Linha RM,folha-de-pagamento-linha-rm,TOTVS RH,Gestão,Roadmap – TOTVS RH Folha de Pagamento – Linha RM,https://produtos.totvs.com/produto/totvs-rh/folha-de-pagamento-linha-rm/,TOTVS RH Folha de Pagamento - Linha RM|RH Folha de Pagamento - Linha RM|RH Folha de Pagamento|folha de pagamento linha rm,totvs-rh
TOTVS RH Mapeamento Comportamental,totvs-rh-mapeamento-comportamental,TOTVS RH,Gestão,Roadmap – TOTVS RH Mapeamento Comportamental,https://produtos.totvs.com/produto/totvs-rh/totvs-rh-mapeamento-comportamental/,TOTVS RH Mapeamento Comportamental|RH Mapeamento Comportamental,totvs-rh
TOTVS RH Mapeamento Comportamental - Linha Feedz,totvs-rh-mapeamento-comportamental-linha-feedz,TOTVS RH,Gestão,Roadmap – TOTVS RH Mapeamento Comportamental – Linha Feedz,https://produtos.totvs.com/produto/totvs-rh/totvs-rh-mapeamento-comportamental-linha-feedz/,TOTVS RH Mapeamento Comportamental - Linha Feedz|RH Mapeamento Comportamental - Linha Feedz|RH Mapeamento Comportamental|Linha Feedz|totvs rh mapeamento comportamental linha feedz,totvs-rh
TOTVS RH Medicina e Segurança do Trabalho,totvs-medicina-e-seguranca-do-trabalho,TOTVS RH,Gestão,"O TOTVS RH Medicina e Segurança do Trabalho é um sistema, desenvolvido pela NG Informática (empresa parceira da TOTVS), para auxiliar e facilitar a gestão das áreas de Medicina e de Segurança do Trabalho, por meio da integração do Plano de Prevenção de Riscos Ambientais (PPRA) e do Programa de Controle Médico de Saúde Ocupacional (PCMSO).",https://produtos.totvs.com/produto/totvs-rh/totvs-medicina-e-seguranca-do-trabalho/,TOTVS RH Medicina e Segurança do Trabalho|RH Medicina e Segurança do Trabalho|totvs medicina e seguranca do trabalho,totvs-rh
TOTVS RH Metas e Objetivos (OKR),metas-objetivos-okr,TOTVS RH,Gestão,"Crie objetivos estratégicos e acompanhe o desempenho de metas e resultados-chave, em diversos níveis, com um sistema para gestão de indicadores.",https://produtos.totvs.com/produto/totvs-rh/metas-objetivos-okr/,TOTVS RH Metas e Objetivos (OKR)|RH Metas e Objetivos (OKR)|metas objetivos okr,totvs-rh
TOTVS RH Orçamento,totvs-rh-orcamento,TOTVS RH,Gestão,,https://produtos.totvs.com/produto/totvs-rh/totvs-rh-orcamento/,TOTVS RH Orçamento|RH Orçamento|totvs rh orcamento,totvs-rh
TOTVS RH People Analytics,people-analytics,TOTVS RH,Gestão,,https://produtos.totvs.com/produto/totvs-rh/people-analytics/,TOTVS RH People Analytics|RH People Analytics|people analytics,totvs-rh
TOTVS RH Ponto Eletrônico - Linha Ahgora,ponto-eletronico-linha-ahgora,TOTVS RH,Gestão,Roadmap – TOTVS RH Ponto Eletrônico – Linha Ahgora,https://produtos.totvs.com/produto/totvs-rh/ponto-eletronico-linha-ahgora/,TOTVS RH Ponto Eletrônico - Linha Ahgora|RH Ponto Eletrônico - Linha Ahgora|RH Ponto Eletrônico|Linha Ahgora|ponto eletronico linha ahgora,totvs-rh
TOTVS RH Ponto Eletrônico - Linha Datasul,ponto-eletronico-linha-datasul,TOTVS RH,Gestão,Roadmap – TOTVS RH Ponto Eletrônico – Linha Datasul,https://produtos.totvs.com/produto/totvs-rh/ponto-eletronico-linha-datasul/,TOTVS RH Ponto Eletrônico - Linha Datasul|RH Ponto Eletrônico - Linha Datasul|RH Ponto Eletrônico|ponto eletronico linha datasul,totvs-rh
TOTVS RH Ponto Eletrônico - Linha RM,ponto-eletronico-linha-rm,TOTVS RH,Gestão,Roadmap – TOTVS RH Ponto Eletrônico – Linha RM,https://produtos.totvs.com/produto/totvs-rh/ponto-eletronico-linha-rm/,TOTVS RH Ponto Eletrônico - Linha RM|RH Ponto Eletrônico - Linha RM|RH Ponto Eletrônico|ponto eletronico linha rm,totvs-rh
TOTVS RH Ponto Eletrônico – Linha Protheus,ponto-eletronico-linha-protheus,TOTVS RH,Gestão,Roadmap – TOTVS RH Ponto Eletrônico – Linha Protheus,https://produtos.totvs.com/produto/totvs-rh/ponto-eletronico-linha-protheus/,TOTVS RH Ponto Eletrônico – Linha Protheus|RH Ponto Eletrônico – Linha Protheus|ponto eletronico linha protheus,totvs-rh
TOTVS RH - Linha Datasul,totvs-rh-linha-datasul,TOTVS RH - Linha Datasul,Gestão,"O TOTVS RH - Linha Datasul é uma solução completa e versátil para que a gestão de pessoas realmente se converta em um diferencial competitivo. Com ela é possível automatizar processos, reduzir custos administrativos eliminar rotinas burocráticas.",https://produtos.totvs.com/produto/totvs-rh-linha-datasul/,TOTVS RH - Linha Datasul|RH - Linha Datasul|RH|totvs rh linha datasul,
TOTVS RH - Linha Protheus,totvs-rh-linha-protheus,TOTVS RH - Linha Protheus,Gestão,"O TOTVS RH - Linha Protheus é uma solução especializada na gestão de pessoas e no gerenciamento estratégico de todos os processos ligados ao setor de Recursos Humanos. É um sistema robusto e flexível, totalmente integrado ao ERP Protheus, capaz de atender às demandas de empresas de todos os portes e dos mais diversos segmentos.",https://produtos.totvs.com/produto/totvs-rh-linha-protheus/,TOTVS RH - Linha Protheus|RH - Linha Protheus|RH|totvs rh linha protheus,
TOTVS RH - Linha RM,totvs-rh-linha-rm,TOTVS RH - Linha RM,Gestão,"O TOTVS RH - Linha RM é uma solução que permite administrar de forma eficiente todas as variáveis do RH. Com ela, é possível reduzir custos do departamento e automatizar processos, assim você tem uma gestão mais inteligente, que vá além das rotinas burocráticas da administração de pessoal.",https://produtos.totvs.com/produto/totvs-rh-linha-rm/,TOTVS RH - Linha RM|RH - Linha RM|RH|totvs rh linha rm,
TOTVS RH Controle de Acesso Virtual,totvs-rh-controle-de-acesso-virtual,TOTVS RH Controle de Acesso Virtual,Gestão,,https://produtos.totvs.com/produto/totvs-rh-controle-de-acesso-virtual/,TOTVS RH Controle de Acesso Virtual|RH Controle de Acesso Virtual,
TOTVS RH Performance e Metas,performance-e-metas,TOTVS RH Performance e Metas,Gestão,"O TOTVS RH Performance e Metas é um sistema acompanhado de uma suíte completa de ferramentas para realizar todo o ciclo de avaliação de desempenho na sua empresa, qualquer que seja o porte e a área de atividade.",https://produtos.totvs.com/produto/performance-e-metas/,TOTVS RH Performance e Metas|RH Performance e Metas|performance e metas,
TOTVS Recorrência,totvs-recorrencia,TOTVS Recorrência,Gestão,Conte com uma tecnologia completa para a sua gestão de assinaturas e controle de pagamentos recorrentes.,https://produtos.totvs.com/produto/totvs-recorrencia/,TOTVS Recorrência|Recorrência|totvs recorrencia,
TOTVS Roteirização e Entregas,totvs-roterizacao-e-entregas,TOTVS Roteirização e Entregas,Gestão,"O TOTVS Roteirização e Entregas é um sistema desenvolvido especialmente para o planejamento de roteiros de entrega e rastreamento de cargas. Voltado para empresas com operações logísticas de médio e grande porte, ele torna a sua operação logística muito mais inteligente.",https://produtos.totvs.com/produto/totvs-roterizacao-e-entregas/,TOTVS Roteirização e Entregas|Roteirização e Entregas|totvs roterizacao e entregas,
TOTVS Saúde Gestão de NIPs,gestao-de-nips,TOTVS Saúde Gestão de NIPs,Gestão,"O TOTVS Saúde Gestão de NIPs ajuda você a gerenciar as Notificações de Intermediação Preliminar emitidas pela Agência Nacional de Saúde Suplementar (ANS), para que você possa responder todas as notificações dentro do praz e evite a aplicação de multas contra sua empresa.",https://produtos.totvs.com/produto/gestao-de-nips/,TOTVS Saúde Gestão de NIPs|Saúde Gestão de NIPs|gestao de nips,
TOTVS Saúde Pré-auditoria by Carol,totvs-saude-pre-auditoria-by-carol,TOTVS Saúde Pré-auditoria by Carol,Gestão,"O TOTVS Saúde Pré-auditoria by Carol é uma solução desenvolvida com base na Carol, a plataforma de Inteligência Artificial da TOTVS, voltada para planos e seguradoras de saúde, que ajuda você a controlar custos, reduzir a sinistralidade e o risco financeiro.",https://produtos.totvs.com/produto/totvs-saude-pre-auditoria-by-carol/,TOTVS Saúde Pré-auditoria by Carol|Saúde Pré-auditoria by Carol|totvs saude pre auditoria by carol,
TOTVS Saúde Pós-auditoria by Carol,totvs-saude-pos-auditoria-by-carol,TOTVS Saúde Pós-auditoria by Carol,Gestão,"O TOTVS Saúde Planos – Linha Protheus é uma solução voltada para o segmento de planos e seguros de saúde. Trata-se de uma ferramenta completa que permite gerenciar todos os aspectos do negócio, incluindo processos fiscais, contábeis e regulatórios, além de facilitar a gestão de carteiras de clientes e convênios.",https://produtos.totvs.com/produto/totvs-saude-pos-auditoria-by-carol/,TOTVS Saúde Pós-auditoria by Carol|Saúde Pós-auditoria by Carol|totvs saude pos auditoria by carol,
TOTVS TEF,totvs-tef,TOTVS TEF,Gestão,"O TOTVS TEF é uma solução que integra os meios de pagamento à gestão do ponto de venda, permite trabalhar com múltiplos adquirentes e bandeiras, e dá mais flexibilidade à sua operação.",https://produtos.totvs.com/produto/totvs-tef/,TOTVS TEF|TEF,
TOTVS Tracking,totvs-tracking,TOTVS Tracking,Gestão,,https://produtos.totvs.com/produto/totvs-tracking/,TOTVS Tracking|Tracking,
TOTVS Varejo Franquias e Redes,franquias-e-redes,TOTVS Varejo Franquias e Redes,Gestão,"O TOTVS Varejo Franquias e Redes é um sistema versátil e robusto para automação de lojas, que permite gerenciar todo o backoffice de redes de varejo e de franquias, incluindo toda a gestão financeira dos pontos de venda.",https://produtos.totvs.com/produto/franquias-e-redes/,TOTVS Varejo Franquias e Redes|Varejo Franquias e Redes|franquias e redes,
TOTVS WMS - Linha Datasul,totvs-wms-linha-datasul,TOTVS WMS - Linha Datasul,Gestão,"O TOTVS WMS - Linha Datasul é uma solução especialista desenvolvida para atender todas as suas demandas de gestão de armazenagem. Voltado para indústrias, distribuidores e varejistas, o sistema proporciona mais produtividade e eficiência na operação.",https://produtos.totvs.com/produto/totvs-wms-linha-datasul/,TOTVS WMS - Linha Datasul|WMS - Linha Datasul|WMS|totvs wms linha datasul,
TOTVS WMS - Linha Logix,totvs-wms-linha-logix,TOTVS WMS - Linha Logix,Gestão,"O TOTVS WMS - Linha Logix é uma solução especialista desenvolvida pela TOTVS para a gestão de armazenagem. Seu foco está voltado para as necessidades de operadores logísticos que atuam de forma integrada, distribuindo ou vendendo produtos de clientes industriais.",https://produtos.totvs.com/produto/totvs-wms-linha-logix/,TOTVS WMS - Linha Logix|WMS - Linha Logix|WMS|totvs wms linha logix,
TOTVS WMS - Linha Protheus,totvs-wms-linha-protheus,TOTVS WMS - Linha Protheus,Gestão,"O TOTVS WMS - Linha Protheus é uma solução especialista para gestão de armazenagem, com foco em indústrias, distribuidores e varejistas de diversos segmentos que precisam gerenciar operações em armazéns e centros de distribuição.",https://produtos.totvs.com/produto/totvs-wms-linha-protheus/,TOTVS WMS - Linha Protheus|WMS - Linha Protheus|WMS|totvs wms linha protheus,
TOTVS WMS SaaS,wms-totvs,TOTVS WMS SaaS,Gestão,"O TOTVS WMS SaaS é um sistema de gestão de armazenagem altamente flexível, que proporciona alta eficiência operacional, redução de perdas e melhor controle de estoque.",https://produtos.totvs.com/produto/wms-totvs/,TOTVS WMS SaaS|WMS SaaS|wms totvs,
TOTVS YMS,totvs-yms,TOTVS YMS,Gestão,"O TOTVS YMS é um sistema de gestão de pátios e portarias que permite um controle completo de movimentação inbound e outbound, com registro do horário de chegada e saída dos caminhões para uma melhor organização de acordo com as características do seu negócio.",https://produtos.totvs.com/produto/totvs-yms/,TOTVS YMS|YMS,
TOTVS iPaaS,totvs-ipaas,TOTVS iPaaS,Gestão,"O TOTVS iPaaS é um sistema desenhado para orquestrar as integrações do seu sistema de backoffice TOTVS, para interpretar os protocolos de mensagem disponíveis no mercado, e permitir que seu ERP TOTVS conecte com qualquer outro produto.",https://produtos.totvs.com/produto/totvs-ipaas/,TOTVS iPaaS|iPaaS,
Tail Vitrine Customizada,tail-vitrine-customizada,Tail Vitrine Customizada,Gestão,"Tenha uma vitrine personalizada de acordo com as preferências e gostos dos visitantes de seu site. Na prática, a Tail Vitrine Customizada contextualiza os conteúdos e ofertas.",https://produtos.totvs.com/produto/tail-vitrine-customizada/,Tail Vitrine Customizada,
Task Analyzer by upFlow.me,task-analyzer-by-upflow-me,Task Analyzer by upFlow.me,Gestão,"Tenha uma central de tarefas completa, com interface simples e intuitiva, que permite gerenciar de ponta a ponta as tarefas e processos da sua empresa.",https://produtos.totvs.com/produto/task-analyzer-by-upflow-me/,Task Analyzer by upFlow.me|task analyzer by upflow me,
Treinamentos,treinamentos,Treinamentos,Gestão,,https://produtos.totvs.com/produto/treinamentos/,Treinamentos,
Analytics by Falcon,analytics-by-falcon,Varejo,Gestão,,https://produtos.totvs.com/produto/varejo-protheus/analytics-by-falcon/,Analytics by Falcon,varejo-protheus
Comércio B2B by teceo,comercio-b2b-by-teceo,Varejo,Gestão,,https://produtos.totvs.com/produto/varejo/comercio-b2b-by-teceo/,Comércio B2B by teceo|comercio b2b by teceo,varejo
Conciliação Financeira by Boavista,conciliacao-financeira-by-boavista,Varejo,Gestão,,https://produtos.totvs.com/produto/varejo-protheus/conciliacao-financeira-by-boavista/,Conciliação Financeira by Boavista|conciliacao financeira by boavista,varejo-protheus
Data Insights by H2J,data-insights-by-h2j,Varejo,Gestão,,https://produtos.totvs.com/produto/varejo-protheus/data-insights-by-h2j/,Data Insights by H2J,varejo-protheus
Inteligência em JBP by Midfy,inteligencia-em-jbp-by-midfy,Varejo,Gestão,,https://produtos.totvs.com/produto/varejo-protheus/inteligencia-em-jbp-by-midfy/,Inteligência em JBP by Midfy|inteligencia em jbp by midfy,varejo-protheus
Minhas Operações Moda,app-minhas-operacoes-moda,Varejo,Gestão,,https://produtos.totvs.com/produto/varejo/app-minhas-operacoes-moda/,Minhas Operações Moda|app minhas operacoes moda,varejo
Minorista by Retail Pro,minorista-by-retail-pro,Varejo,Gestão,,https://produtos.totvs.com/produto/varejo-protheus/minorista-by-retail-pro/,Minorista by Retail Pro,varejo-protheus
TOTVS Food Service - Linha Chef,food-service-linha-chef,Varejo,Gestão,"O TOTVS Food Service - Linha Chef proporciona tudo para atender as necessidades de gestão de restaurantes, fast-foods, bares e casas noturnas. Com ele, é possível acelerar o atendimento sem perder qualidade, realizar transações com mais segurança e cumprir suas obrigações fiscais, garantindo uma melhor administração do seu negócio.",https://produtos.totvs.com/produto/varejo/food-service-linha-chef/,TOTVS Food Service - Linha Chef|Food Service - Linha Chef|Food Service|Linha Chef|food service linha chef,varejo
TOTVS MODA,totvs-moda-varejo,Varejo,Gestão,,https://produtos.totvs.com/produto/varejo/totvs-moda-varejo/,TOTVS MODA|MODA|totvs moda varejo,varejo
TOTVS ROTEIRIZAÇÃO E ENTREGAS,totvs-roterizacao-e-entregas-varejo,Varejo,Gestão,,https://produtos.totvs.com/produto/varejo/totvs-roterizacao-e-entregas-varejo/,TOTVS ROTEIRIZAÇÃO E ENTREGAS|ROTEIRIZAÇÃO E ENTREGAS|totvs roterizacao e entregas varejo,varejo
TOTVS Varejo DMS,totvs-varejo-dms,Varejo,Gestão,"O TOTVS Varejo DMS é um sistema de gestão completo, desenhado para atender empresas desse setor, em qualquer segmento de atuação. Integrado aos sistemas TOTVS Backoffice – Linha Protheus e TOTVS Varejo Lojas - Linha Protheus, a solução conta com módulos especializados que permitem atender oficinas mecânicas, varejo de peças e concessionárias de veículos.",https://produtos.totvs.com/produto/varejo/totvs-varejo-dms/,TOTVS Varejo DMS|Varejo DMS,varejo
TOTVS Varejo Home Center - Linha Gemco,totvs-varejo-home-center-linha-gemco,Varejo,Gestão,"O TOTVS Varejo Home Center - Linha Gemco é a solução completa para o ramo de materiais de construção e eletromagazines. Ela atende todas as necessidades da sua empresa, proporcionando mais rentabilidade, segurança e agilidade para suas lojas.",https://produtos.totvs.com/produto/varejo/totvs-varejo-home-center-linha-gemco/,TOTVS Varejo Home Center - Linha Gemco|Varejo Home Center - Linha Gemco|Varejo Home Center|Linha Gemco|totvs varejo home center linha gemco,varejo
TOTVS Varejo Index,totvs-varejo-index,Varejo,Gestão,,https://produtos.totvs.com/produto/varejo-protheus/totvs-varejo-index/,TOTVS Varejo Index|Varejo Index,varejo-protheus
TOTVS Varejo Lojas - Linha Protheus,totvs-varejo-lojas-linha-protheus,Varejo,Gestão,"O TOTVS Varejo Lojas – Linha Protheus é um sistema de gestão especialista para o Varejo, com módulos e ferramentas que gerenciam todas as rotinas administrativas e de retaguarda das lojas, automatizando processos e gerando sinergia entre as diferentes áreas da sua operação varejista.",https://produtos.totvs.com/produto/varejo/totvs-varejo-lojas-linha-protheus/,TOTVS Varejo Lojas - Linha Protheus|Varejo Lojas - Linha Protheus|Varejo Lojas|totvs varejo lojas linha protheus,varejo
TOTVS Varejo Motor de Promoções,motor-de-promocoes,Varejo,Gestão,"O TOTVS Motor de Promoções é um sistema de apoio a vendas, com foco em benefícios personalizados aos clientes e campanhas de marketing pelos mais diversos canais. O sistema pode ser contratado por assinatura e é integrado de forma nativa com as soluções TOTVS Varejo Franquias e Redes e TOTVS Varejo Home Center – Linha Gemco.",https://produtos.totvs.com/produto/varejo/motor-de-promocoes/,TOTVS Varejo Motor de Promoções|Varejo Motor de Promoções|motor de promocoes,varejo
TOTVS Varejo PDV Omni,totvs-varejo-pdv-omni,Varejo,Gestão,O TOTVS Varejo PDV Omni é um sistema de gestão de ponto para uma operação em todas as modalidades do omnichannel.,https://produtos.totvs.com/produto/varejo/totvs-varejo-pdv-omni/,TOTVS Varejo PDV Omni|Varejo PDV Omni,varejo
TOTVS Varejo Postos de Combustíveis,postos-de-combustiveis,Varejo,Gestão,,https://produtos.totvs.com/produto/varejo-protheus/postos-de-combustiveis/,TOTVS Varejo Postos de Combustíveis|Varejo Postos de Combustíveis|postos de combustiveis,varejo-protheus
TOTVS Varejo Supermercados - Linha Consinco,totvs-varejo-supermercados,Varejo,Gestão,"O TOTVS Varejo Supermercados - Linha Consinco é um sistema desenvolvido especialmente para atender todas as demandas operacionais e administrativas do supermercadista. Ele cobre de ponta a ponta as necessidades do setor e é altamente flexível, pois se adapta às condições específicas de cada empresa.",https://produtos.totvs.com/produto/varejo/totvs-varejo-supermercados/,TOTVS Varejo Supermercados - Linha Consinco|Varejo Supermercados - Linha Consinco|Varejo Supermercados|Linha Consinco|totvs varejo supermercados,varejo
TOTVS Varejo Supermercados - Linha RMS,supermercados-linha-rms,Varejo,Gestão,"O TOTVS Varejo Supermercados - Linha RMS é uma solução para gestão e controle de estoques de supermercados e atacarejos. O sistema permite gestão mais estratégica pois é focado no controle operacional e gestão de processos-chaves como compra, abastecimento, precificação e gestão de estoques.",https://produtos.totvs.com/produto/varejo/supermercados-linha-rms/,TOTVS Varejo Supermercados - Linha RMS|Varejo Supermercados - Linha RMS|Varejo Supermercados|Linha RMS|supermercados linha rms,varejo
TOTVS Varejo Supermercados Conector Ifood,totvs-varejo-supermercados-conector-ifood,Varejo,Gestão,,https://produtos.totvs.com/produto/varejo/totvs-varejo-supermercados-conector-ifood/,TOTVS Varejo Supermercados Conector Ifood|Varejo Supermercados Conector Ifood,varejo
TOTVS Varejo Supermercados Monitor de Banco de Dados,supermercados-monitor-de-banco-de-dados,Varejo,Gestão,"O TOTVS Varejo Supermercados Monitor de Banco de Dados é uma ferramenta de monitoramento de banco de dados focado em troubleshooting , que permite reduzir o tempo de análise na identificação de gargalos de performance e falhas de funcionamento no banco de dados da sua empresa.",https://produtos.totvs.com/produto/varejo/supermercados-monitor-de-banco-de-dados/,TOTVS Varejo Supermercados Monitor de Banco de Dados|Varejo Supermercados Monitor de Banco de Dados|supermercados monitor de banco de dados,varejo
TOTVS Varejo Supermercados PDV,totvs-varejo-supermercados-pdv,Varejo,Gestão,"O TOTVS Varejo Supermercados PDV é um sistema completo, robusto e flexível, desenvolvido exclusivamente para atender todas as rotinas do ponto de venda do supermercadista, com soluções digitais para aqueles que desejam oferecer o autosserviço.",https://produtos.totvs.com/produto/varejo/totvs-varejo-supermercados-pdv/,TOTVS Varejo Supermercados PDV|Varejo Supermercados PDV,varejo
TOTVS Varejo Supermercados Pricing Insights,totvs-varejo-supermercados-pricing-insights,Varejo,Gestão,"Centralize os processos de precificação de todas as lojas da sua rede e realize previsões de vendas, com base em simulações a partir da saída média de cada produto.",https://produtos.totvs.com/produto/varejo/totvs-varejo-supermercados-pricing-insights/,TOTVS Varejo Supermercados Pricing Insights|Varejo Supermercados Pricing Insights,varejo
TOTVS Varejo Supermercados WMS,totvs-varejo-supermercados-wms,Varejo,Gestão,"O TOTVS Varejo Supermercados WMS é um sistema de gestão de armazenagem especialmente desenvolvido para atender às demandas do autosserviço alimentar, que permite ter uma operação mais eficiente, controlando de forma automatizada todo o fluxo de mercadorias.",https://produtos.totvs.com/produto/varejo/totvs-varejo-supermercados-wms/,TOTVS Varejo Supermercados WMS|Varejo Supermercados WMS,varejo
TOTVS WMS – LINHA DATASUL,totvs-wms-linha-datasul-varejo,Varejo,Gestão,,https://produtos.totvs.com/produto/varejo/totvs-wms-linha-datasul-varejo/,TOTVS WMS – LINHA DATASUL|WMS – LINHA DATASUL|totvs wms linha datasul varejo,varejo
TOTVS WMS – LINHA PROTHEUS,totvs-wms-linha-protheus-varejo,Varejo,Gestão,,https://produtos.totvs.com/produto/varejo/totvs-wms-linha-protheus-varejo/,TOTVS WMS – LINHA PROTHEUS|WMS – LINHA PROTHEUS|totvs wms linha protheus varejo,varejo
Varejo,varejo-protheus,Varejo,Gestão,"O Protheus Varejo é uma solução especialista da TOTVS, com ferramentas para gestão de frente de loja e retaguarda operacional, capaz de integrar operações físicas e de comércio on-line em uma estratégia omnichannel. Trata-se de uma solução completa, integrada ao ERP Protheus, que atende aos principais segmentos do varejo.",https://produtos.totvs.com/produto/varejo-protheus/,Varejo|varejo protheus,
Varejo,varejo,Varejo,Gestão,Os produtos TOTVS estão em constante evolução para transpor desafios e acompanhar cada etapa da jornada digital da sua empresa.,https://produtos.totvs.com/produto/varejo/,Varejo,
VarejOnline by TOTVS,varejonline-by-totvs,Varejo,Gestão,,https://produtos.totvs.com/produto/varejo-protheus/varejonline-by-totvs/,VarejOnline by TOTVS,varejo-protheus
Venda Digital by Ninegrid,venda-digital-by-ninegrid,Venda Digital by Ninegrid,Gestão,"O Venda Digital by Ninegrid é uma aplicação web que transforma uma loja física em uma loja digital de autosserviço, ou seja, em uma extensão da sua loja física no meio digital",https://produtos.totvs.com/produto/venda-digital-by-ninegrid/,Venda Digital by Ninegrid,
Venda Móvel by US4,venda-movel-by-us4,Venda Móvel by US4,Gestão,"O Venda Móvel by US4 liberta sua equipe de vendas do computador. O sistema dá aos vendedores todas as informações necessárias para fazer orçamentos, consultas de produtos, consultas de clientes, consulta de disponibilidade de estoque e gerar pedidos de vendas em qualquer lugar da loja.",https://produtos.totvs.com/produto/venda-movel-by-us4/,Venda Móvel by US4|venda movel by us4,
Visibilidade by Neogrid,visibilidade-by-neogrid,Visibilidade by Neogrid,Gestão,Com o Visibilidade by Neogrid é possível acompanhar e controlar vendas e estoque dos seus produtos nas gôndolas do Varejo ou nas redes de Distribuição.,https://produtos.totvs.com/produto/visibilidade-by-neogrid/,Visibilidade by Neogrid,
menu,menu,menu,Gestão,,https://produtos.totvs.com/produto/menu/,menu,
+ Vendas,vendas,Serviços Financeiros,Techfin,"O TOTVS Mais Negócios é uma linha adicional de crédito voltada para o segmento B2B, que a sua empresa pode oferecer aos clientes para aumentar a geração de novos negócios. O produto tem taxas e prazos variáveis para atender sua base de clientes de forma dirigida e estimular as vendas.",https://produtos.totvs.com/produto/servicos-financeiros/vendas/,+ Vendas|vendas,servicos-financeiros
+Giro Techfin,giro-techfin,Serviços Financeiros,Techfin,,https://produtos.totvs.com/produto/servicos-financeiros/giro-techfin/,+Giro Techfin|giro techfin,servicos-financeiros
+Mais Prazo,mais-prazo,Serviços Financeiros,Techfin,"O TOTVS Mais Prazo é uma plataforma de ampliação do prazo de pagamentos dos seus fornecedores que permite a você selecionar novas datas de vencimento no valor total ou parcelado, com taxas de juro competitivas e sem burocracia.",https://produtos.totvs.com/produto/servicos-financeiros/mais-prazo/,+Mais Prazo|mais prazo,servicos-financeiros
Consignado Marketplace,consignado-marketplace,Serviços Financeiros,Techfin,,https://produtos.totvs.com/produto/servicos-financeiros/consignado-marketplace/,Consignado Marketplace,servicos-financeiros
Duplicata Escritural,duplicata-escritural,Serviços Financeiros,Techfin,,https://produtos.totvs.com/produto/servicos-financeiros/duplicata-escritural/,Duplicata Escritural,servicos-financeiros
Recebe + Conciliado,recebe-conciliado,Serviços Financeiros,Techfin,"O TOTVS Pagamento Instantâneo é a porta de entrada da sua empresa para o novo meio de pagamento digital do Banco Central: o PIX. Com ele, você tem acesso fácil e descomplicado ao PIX, e oferece uma experiência mais rápida, segura e simples para os seus clientes.",https://produtos.totvs.com/produto/servicos-financeiros/recebe-conciliado/,Recebe + Conciliado|recebe conciliado,servicos-financeiros
Recebe + Multibanco,recebe-multibanco,Serviços Financeiros,Techfin,,https://produtos.totvs.com/produto/servicos-financeiros/recebe-multibanco/,Recebe + Multibanco|recebe multibanco,servicos-financeiros
Recebe + Programado,recebe-programado,Serviços Financeiros,Techfin,,https://produtos.totvs.com/produto/servicos-financeiros/recebe-programado/,Recebe + Programado|recebe programado,servicos-financeiros
Serviços Financeiros,servicos-financeiros,Serviços Financeiros,Techfin,Os produtos TOTVS estão em constante evolução para transpor desafios e acompanhar cada etapa da jornada digital da sua empresa.,https://produtos.totvs.com/produto/servicos-financeiros/,Serviços Financeiros|servicos financeiros|Techfin|TOTVS Techfin,
TOTVS Antecipa,totvs-antecipa,Serviços Financeiros,Techfin,"O TOTVS Antecipa é um serviço financeiro de antecipação de recebíveis. Em uma única plataforma, você contrata e acessa os recebíveis possíveis de antecipação, faz a gestão de sua carteira antecipada e consulta informações de limite e taxa. Sua empresa vende mais, sem se preocupar com os recebíveis de longo prazo, e os recursos que já são seus se transformam em oportunidades de crescimento e investimento, sem contar com empréstimos para isso.",https://produtos.totvs.com/produto/servicos-financeiros/totvs-antecipa/,TOTVS Antecipa|Antecipa,servicos-financeiros
TOTVS Boleto Híbrido,totvs-boleto-hibrido,Serviços Financeiros,Techfin,,https://produtos.totvs.com/produto/servicos-financeiros/totvs-boleto-hibrido/,TOTVS Boleto Híbrido|Boleto Híbrido|totvs boleto hibrido,servicos-financeiros
